Data-di-nascita,Nazione-di-nascita,Parole-chiave-ERC,Totale-Wos,Nicknames,Impact-History,Genere,Nazionalita,Ruolo,Gruppo-Scientifico-Disciplinare,Nome,ORCID,Open-Alex,SSD,Totale-Scopus,Affiliazione-Matricola,Qualifica,Struttura,ID-IRIS,Luogo-di-nascita,Affiliazione-Inizio,E-mail,Pubblicazioni-Totale-IRIS,Area-ministeriale,Parole-chiave,Researcher,Identificativi-Codice,Google-Scholar,ID-UGOV,Affiliazione-Fine,Scopus,Cognome
1981-11-24-00:00:00.0,Italia,PE6_8-Computer-graphics,0,,,Femminile,Italia,Ricercatori-a-tempo-determinato,Gruppo-01/INFO-01-INFORMATICA,Agata-Marta,0000-0002-7571-8637,,Settore-INFO-01/A-Informatica,0,619549,RICERCATORI--LEGGE-240/10-T.-DET.,INFORMATICA,9773,Crema,01/02/2022,agatamarta.soccini@unito.it,26,AREA-MIN.-01-Scienze-matematiche-e-informatiche,,,SCCGMR81S64D142P,,143141,31/01/2027,,SOCCINI
1981-11-24-00:00:00.0,Italia,computer-vision,0,,,Femminile,Italia,Ricercatori-a-tempo-determinato,Gruppo-01/INFO-01-INFORMATICA,Agata-Marta,0000-0002-7571-8637,,Settore-INFO-01/A-Informatica,0,619549,RICERCATORI--LEGGE-240/10-T.-DET.,INFORMATICA,9773,Crema,01/02/2022,agatamarta.soccini@unito.it,26,AREA-MIN.-01-Scienze-matematiche-e-informatiche,,,SCCGMR81S64D142P,,143141,31/01/2027,,SOCCINI
1981-11-24-00:00:00.0,Italia,multimedia,0,,,Femminile,Italia,Ricercatori-a-tempo-determinato,Gruppo-01/INFO-01-INFORMATICA,Agata-Marta,0000-0002-7571-8637,,Settore-INFO-01/A-Informatica,0,619549,RICERCATORI--LEGGE-240/10-T.-DET.,INFORMATICA,9773,Crema,01/02/2022,agatamarta.soccini@unito.it,26,AREA-MIN.-01-Scienze-matematiche-e-informatiche,,,SCCGMR81S64D142P,,143141,31/01/2027,,SOCCINI
1981-11-24-00:00:00.0,Italia,computer-games-(erc_2022)-,0,,,Femminile,Italia,Ricercatori-a-tempo-determinato,Gruppo-01/INFO-01-INFORMATICA,Agata-Marta,0000-0002-7571-8637,,Settore-INFO-01/A-Informatica,0,619549,RICERCATORI--LEGGE-240/10-T.-DET.,INFORMATICA,9773,Crema,01/02/2022,agatamarta.soccini@unito.it,26,AREA-MIN.-01-Scienze-matematiche-e-informatiche,,,SCCGMR81S64D142P,,143141,31/01/2027,,SOCCINI
1981-11-24-00:00:00.0,Italia,PE6_9-Human-computer-interaction-and-interface,0,,,Femminile,Italia,Ricercatori-a-tempo-determinato,Gruppo-01/INFO-01-INFORMATICA,Agata-Marta,0000-0002-7571-8637,,Settore-INFO-01/A-Informatica,0,619549,RICERCATORI--LEGGE-240/10-T.-DET.,INFORMATICA,9773,Crema,01/02/2022,agatamarta.soccini@unito.it,26,AREA-MIN.-01-Scienze-matematiche-e-informatiche,,,SCCGMR81S64D142P,,143141,31/01/2027,,SOCCINI
1981-11-24-00:00:00.0,Italia,visualisation-(erc_2022),0,,,Femminile,Italia,Ricercatori-a-tempo-determinato,Gruppo-01/INFO-01-INFORMATICA,Agata-Marta,0000-0002-7571-8637,,Settore-INFO-01/A-Informatica,0,619549,RICERCATORI--LEGGE-240/10-T.-DET.,INFORMATICA,9773,Crema,01/02/2022,agatamarta.soccini@unito.it,26,AREA-MIN.-01-Scienze-matematiche-e-informatiche,,,SCCGMR81S64D142P,,143141,31/01/2027,,SOCCINI
1975-04-04-00:00:00.0,Italia,,0,,,Maschile,Italia,Docenti-di-ruolo-di-IIa-fascia,Gruppo-01/INFO-01-INFORMATICA,Alessandro,0000-0003-3072-0108,,Settore-INFO-01/A-Informatica,0,034031,Professori-Associati,INFORMATICA,10074,Napoli,23/12/2022,alessandro.mazzei@unito.it,140,AREA-MIN.-01-Scienze-matematiche-e-informatiche,,,MZZLSN75D04F839G,,14618,,,MAZZEI
1993-03-27-00:00:00.0,Italia,,0,,,Femminile,Italia,Ricercatori-a-tempo-determinato,Gruppo-01/INFO-01-INFORMATICA,Alessia,0000-0002-6366-0546,,Settore-INFO-01/A-Informatica,29,684005,RICERCATORI--LEGGE-240/10-T.-DET.,INFORMATICA,149313,Agropoli,01/04/2023,alessia.antelmi@unito.it,31,AREA-MIN.-01-Scienze-matematiche-e-informatiche,,,NTLLSS93C67A091Q,,446362,01/04/2026,57023742800,ANTELMI
1979-11-25-00:00:00.0,Germania,,94,,,Maschile,Italia,Docenti-di-ruolo-di-IIa-fascia,Gruppo-01/INFO-01-INFORMATICA,Amon,0000-0003-3855-9961,,Settore-INFO-01/A-Informatica,145,613314,Professori-Associati,INFORMATICA,1726,,01/11/2022,amon.rapp@unito.it,170,AREA-MIN.-01-Scienze-matematiche-e-informatiche,,P-8663-2016,RPPMNA79S25Z112M,https://scholar.google.it/citations?hl=it&user=5W4AxFsAAAAJ,103992,,23398572100,RAPP
1974-04-30-00:00:00.0,Ungheria,,0,András-Horváth///HORVATH///HORVATH-A///Horváth-András///a.-horvath,,Maschile,Ungheria,Docenti-di-ruolo-di-IIa-fascia,Gruppo-01/INFO-01-INFORMATICA,Andras,0000-0002-8210-545X,,Settore-INFO-01/A-Informatica,0,061246,Professori-Associati,INFORMATICA,157,,04/05/2015,andras.horvath@unito.it,102,AREA-MIN.-01-Scienze-matematiche-e-informatiche,,,HRVNRS74D30Z134W,,10093,,,HORVATH
1969-06-21-00:00:00.0,Italia,PE6_2-Distributed-systems,0,,,Maschile,Italia,Docenti-di-ruolo-di-IIa-fascia,Gruppo-01/INFO-01-INFORMATICA,Andrea,0000-0003-1451-9260,,Settore-INFO-01/A-Informatica,67,684398,Professori-Associati,INFORMATICA,150526,Montepulciano,01/11/2023,andrea.bracciali@unito.it,12,AREA-MIN.-01-Scienze-matematiche-e-informatiche,,,BRCNDR69H21F592E,,447090,,8922231000,BRACCIALI
1969-06-21-00:00:00.0,Italia,parallel-computing,0,,,Maschile,Italia,Docenti-di-ruolo-di-IIa-fascia,Gruppo-01/INFO-01-INFORMATICA,Andrea,0000-0003-1451-9260,,Settore-INFO-01/A-Informatica,67,684398,Professori-Associati,INFORMATICA,150526,Montepulciano,01/11/2023,andrea.bracciali@unito.it,12,AREA-MIN.-01-Scienze-matematiche-e-informatiche,,,BRCNDR69H21F592E,,447090,,8922231000,BRACCIALI
1969-06-21-00:00:00.0,Italia,sensor-networks,0,,,Maschile,Italia,Docenti-di-ruolo-di-IIa-fascia,Gruppo-01/INFO-01-INFORMATICA,Andrea,0000-0003-1451-9260,,Settore-INFO-01/A-Informatica,67,684398,Professori-Associati,INFORMATICA,150526,Montepulciano,01/11/2023,andrea.bracciali@unito.it,12,AREA-MIN.-01-Scienze-matematiche-e-informatiche,,,BRCNDR69H21F592E,,447090,,8922231000,BRACCIALI
1969-06-21-00:00:00.0,Italia,cyber-physical-systems-(erc_2022)-,0,,,Maschile,Italia,Docenti-di-ruolo-di-IIa-fascia,Gruppo-01/INFO-01-INFORMATICA,Andrea,0000-0003-1451-9260,,Settore-INFO-01/A-Informatica,67,684398,Professori-Associati,INFORMATICA,150526,Montepulciano,01/11/2023,andrea.bracciali@unito.it,12,AREA-MIN.-01-Scienze-matematiche-e-informatiche,,,BRCNDR69H21F592E,,447090,,8922231000,BRACCIALI
1969-06-21-00:00:00.0,Italia,PE6_4-Theoretical-computer-science,0,,,Maschile,Italia,Docenti-di-ruolo-di-IIa-fascia,Gruppo-01/INFO-01-INFORMATICA,Andrea,0000-0003-1451-9260,,Settore-INFO-01/A-Informatica,67,684398,Professori-Associati,INFORMATICA,150526,Montepulciano,01/11/2023,andrea.bracciali@unito.it,12,AREA-MIN.-01-Scienze-matematiche-e-informatiche,,,BRCNDR69H21F592E,,447090,,8922231000,BRACCIALI
1969-06-21-00:00:00.0,Italia,formal-methods,0,,,Maschile,Italia,Docenti-di-ruolo-di-IIa-fascia,Gruppo-01/INFO-01-INFORMATICA,Andrea,0000-0003-1451-9260,,Settore-INFO-01/A-Informatica,67,684398,Professori-Associati,INFORMATICA,150526,Montepulciano,01/11/2023,andrea.bracciali@unito.it,12,AREA-MIN.-01-Scienze-matematiche-e-informatiche,,,BRCNDR69H21F592E,,447090,,8922231000,BRACCIALI
1969-06-21-00:00:00.0,Italia,automata-(erc_2022)-,0,,,Maschile,Italia,Docenti-di-ruolo-di-IIa-fascia,Gruppo-01/INFO-01-INFORMATICA,Andrea,0000-0003-1451-9260,,Settore-INFO-01/A-Informatica,67,684398,Professori-Associati,INFORMATICA,150526,Montepulciano,01/11/2023,andrea.bracciali@unito.it,12,AREA-MIN.-01-Scienze-matematiche-e-informatiche,,,BRCNDR69H21F592E,,447090,,8922231000,BRACCIALI
1969-06-21-00:00:00.0,Italia,PE6_5-Security,0,,,Maschile,Italia,Docenti-di-ruolo-di-IIa-fascia,Gruppo-01/INFO-01-INFORMATICA,Andrea,0000-0003-1451-9260,,Settore-INFO-01/A-Informatica,67,684398,Professori-Associati,INFORMATICA,150526,Montepulciano,01/11/2023,andrea.bracciali@unito.it,12,AREA-MIN.-01-Scienze-matematiche-e-informatiche,,,BRCNDR69H21F592E,,447090,,8922231000,BRACCIALI
1969-06-21-00:00:00.0,Italia,privacy,0,,,Maschile,Italia,Docenti-di-ruolo-di-IIa-fascia,Gruppo-01/INFO-01-INFORMATICA,Andrea,0000-0003-1451-9260,,Settore-INFO-01/A-Informatica,67,684398,Professori-Associati,INFORMATICA,150526,Montepulciano,01/11/2023,andrea.bracciali@unito.it,12,AREA-MIN.-01-Scienze-matematiche-e-informatiche,,,BRCNDR69H21F592E,,447090,,8922231000,BRACCIALI
1969-06-21-00:00:00.0,Italia,cryptology,0,,,Maschile,Italia,Docenti-di-ruolo-di-IIa-fascia,Gruppo-01/INFO-01-INFORMATICA,Andrea,0000-0003-1451-9260,,Settore-INFO-01/A-Informatica,67,684398,Professori-Associati,INFORMATICA,150526,Montepulciano,01/11/2023,andrea.bracciali@unito.it,12,AREA-MIN.-01-Scienze-matematiche-e-informatiche,,,BRCNDR69H21F592E,,447090,,8922231000,BRACCIALI
1969-06-21-00:00:00.0,Italia,quantum-cryptography-(erc_2022),0,,,Maschile,Italia,Docenti-di-ruolo-di-IIa-fascia,Gruppo-01/INFO-01-INFORMATICA,Andrea,0000-0003-1451-9260,,Settore-INFO-01/A-Informatica,67,684398,Professori-Associati,INFORMATICA,150526,Montepulciano,01/11/2023,andrea.bracciali@unito.it,12,AREA-MIN.-01-Scienze-matematiche-e-informatiche,,,BRCNDR69H21F592E,,447090,,8922231000,BRACCIALI
1980-09-17-00:00:00.0,Italia,,0,,,Maschile,Italia,Docenti-di-ruolo-di-IIa-fascia,Gruppo-01/INFO-01-INFORMATICA,Attilio,0000-0002-9991-6822,,Settore-INFO-01/A-Informatica,0,657170,Professori-Associati,INFORMATICA,99710,Torino,30/04/2023,attilio.fiandrotti@unito.it,76,AREA-MIN.-01-Scienze-matematiche-e-informatiche,,,FNDTTL80P17L219Z,QTMBigMAAAA,375474,,,FIANDROTTI
1974-02-13-00:00:00.0,Italia,,0,,,Femminile,Italia,Ricercatori,Gruppo-01/INFO-01-INFORMATICA,Claudia,0000-0003-1170-1913,,Settore-INFO-01/A-Informatica,0,030208,Ricercatori-Universitari,INFORMATICA,17847,Milano,01/01/2005,claudia.picardi@unito.it,67,AREA-MIN.-01-Scienze-matematiche-e-informatiche,,,PCRCLD74B53F205A,,2441,,,PICARDI
1975-11-15-00:00:00.0,Italia,,0,,,Maschile,Italia,Docenti-di-ruolo-di-IIa-fascia,Gruppo-01/INFO-01-INFORMATICA,Claudio,0000-0001-7449-6529,,Settore-INFO-01/A-Informatica,0,034652,Professori-Associati,INFORMATICA,12588,Chivasso,01/11/2021,claudio.schifanella@unito.it,92,AREA-MIN.-01-Scienze-matematiche-e-informatiche,,,SCHCLD75S15C665U,,16825,,,SCHIFANELLA
1967-08-10-00:00:00.0,Italia,,0,,,Femminile,Italia,Docenti-di-ruolo-di-IIa-fascia,Gruppo-01/INFO-01-INFORMATICA,Cristina,0000-0002-2070-0616,,Settore-INFO-01/A-Informatica,0,013904,Professori-Associati,INFORMATICA,15285,Casale-Monferrato,01/11/2005,cristina.baroglio@unito.it,223,AREA-MIN.-01-Scienze-matematiche-e-informatiche,,,BRGCST67M50B885W,,1980,,,BAROGLIO
1964-02-08-00:00:00.0,Italia,,0,,,Femminile,Italia,Docenti-di-ruolo-di-IIa-fascia,Gruppo-01/INFO-01-INFORMATICA,Cristina,0000-0002-8857-4484,,Settore-INFO-01/A-Informatica,0,030041,Professori-Associati,INFORMATICA,13245,Torino,01/12/2022,cristina.bosco@unito.it,158,AREA-MIN.-01-Scienze-matematiche-e-informatiche,,,BSCCST64B48L219G,,1780,01/11/2034,,BOSCO
1973-03-09-00:00:00.0,Italia,PE6_9-Human-computer-interaction-and-interface,0,,,Femminile,Italia,Docenti-di-ruolo-di-IIa-fascia,Gruppo-01/INFO-01-INFORMATICA,Cristina,0000-0003-0049-6213,,Settore-INFO-01/A-Informatica,156,014360,Professori-Associati,INFORMATICA,13998,Torino,04/05/2015,cristina.gena@unito.it,189,AREA-MIN.-01-Scienze-matematiche-e-informatiche,,,GNECST73C49L219C,https://scholar.google.it/citations?user=wLff2m4AAAAJ&hl=it,18225,,6507316953,GENA
1973-03-09-00:00:00.0,Italia,visualisation-(erc_2022)-,0,,,Femminile,Italia,Docenti-di-ruolo-di-IIa-fascia,Gruppo-01/INFO-01-INFORMATICA,Cristina,0000-0003-0049-6213,,Settore-INFO-01/A-Informatica,156,014360,Professori-Associati,INFORMATICA,13998,Torino,04/05/2015,cristina.gena@unito.it,189,AREA-MIN.-01-Scienze-matematiche-e-informatiche,,,GNECST73C49L219C,https://scholar.google.it/citations?user=wLff2m4AAAAJ&hl=it,18225,,6507316953,GENA
1973-03-09-00:00:00.0,Italia,PE7_10-Robotics-(erc_2022),0,,,Femminile,Italia,Docenti-di-ruolo-di-IIa-fascia,Gruppo-01/INFO-01-INFORMATICA,Cristina,0000-0003-0049-6213,,Settore-INFO-01/A-Informatica,156,014360,Professori-Associati,INFORMATICA,13998,Torino,04/05/2015,cristina.gena@unito.it,189,AREA-MIN.-01-Scienze-matematiche-e-informatiche,,,GNECST73C49L219C,https://scholar.google.it/citations?user=wLff2m4AAAAJ&hl=it,18225,,6507316953,GENA
1963-01-16-00:00:00.0,Italia,,0,,,Maschile,Italia,Docenti-di-ruolo-di-IIa-fascia,Gruppo-01/INFO-01-INFORMATICA,Daniele,0000-0002-9757-0821,,Settore-INFO-01/A-Informatica,0,013602,Professori-Associati,INFORMATICA,19001,Torino,01/10/2001,daniele.gunetti@unito.it,26,AREA-MIN.-01-Scienze-matematiche-e-informatiche,,,GNTDNL63A16L219T,,2709,01/11/2033,,GUNETTI
1973-09-26-00:00:00.0,Italia,,0,Daniele-P.-Radicioni,,Maschile,Italia,Docenti-di-ruolo-di-IIa-fascia,Gruppo-01/INFO-01-INFORMATICA,Daniele-Paolo,0000-0003-0443-7720,,Settore-INFO-01/A-Informatica,0,033604,Professori-Associati,INFORMATICA,10750,Torino,01/12/2021,daniele.radicioni@unito.it,105,AREA-MIN.-01-Scienze-matematiche-e-informatiche,,,RDCDLP73P26L219M,,15248,,,RADICIONI
1968-11-23-00:00:00.0,Italia,,0,CAVAGNINO-D///CAVAGNINO-DAVIDE///Cavagnino///D.-Cavagnino///Davide-Cavagnino,,Maschile,Italia,Ricercatori,Gruppo-01/INFO-01-INFORMATICA,Davide,0000-0003-4981-0285,,Settore-INFO-01/A-Informatica,0,031518,Ricercatori-Universitari,INFORMATICA,20036,Torino,01/10/2001,davide.cavagnino@unito.it,83,AREA-MIN.-01-Scienze-matematiche-e-informatiche,,,CVGDVD68S23L219J,,3906,01/12/2035,,CAVAGNINO
1969-09-20-00:00:00.0,Italia,,0,,,Maschile,Italia,Ricercatori,Gruppo-01/INFO-01-INFORMATICA,Diego,0000-0001-9681-0080,,Settore-INFO-01/A-Informatica,0,061253,Ricercatori-Universitari,INFORMATICA,604,Aosta,01/01/2005,diego.magro@unito.it,63,AREA-MIN.-01-Scienze-matematiche-e-informatiche,,,MGRDGI69P20A326I,,10186,,,MAGRO
1988-04-08-00:00:00.0,Serbia,,0,Doriana-Medić,,Femminile,Serbia,Ricercatori-a-tempo-determinato,Gruppo-01/INFO-01-INFORMATICA,Doriana,0000-0002-7163-5375,,Settore-INFO-01/A-Informatica,13,670935,RICERCATORI--LEGGE-240/10-T.-DET.,INFORMATICA,127074,,01/09/2023,doriana.medic@unito.it,13,AREA-MIN.-01-Scienze-matematiche-e-informatiche,,,MDCDRN88D48Z158A,,424074,01/09/2026,57190272717,MEDIC
1984-09-20-00:00:00.0,Italia,,0,E.-Marengo///Elisa-Marengo///MARENGO-E.,,Femminile,Italia,Ricercatori-a-tempo-determinato,Gruppo-01/INFO-01-INFORMATICA,Elisa,0000-0003-1879-2088,,Settore-INFO-01/A-Informatica,0,038407,RICERCATORI--LEGGE-240/10-T.-DET.,INFORMATICA,24215,Savigliano,01/10/2024,elisa.marengo@unito.it,45,AREA-MIN.-01-Scienze-matematiche-e-informatiche,,,MRNLSE84P60I470K,,91304,30/09/2030,,MARENGO
1984-03-06-00:00:00.0,Italia,,0,,,Maschile,Italia,Ricercatori-a-tempo-determinato,Gruppo-01/INFO-01-INFORMATICA,Elvio-Gilberto,0000-0003-1147-8985,,Settore-INFO-01/A-Informatica,0,001193,RICERCATORI--LEGGE-240/10-T.-DET.,INFORMATICA,26486,Pinerolo,01/11/2019,elviogilberto.amparore@unito.it,58,AREA-MIN.-01-Scienze-matematiche-e-informatiche,,,MPRLGL84C06G674C,,96343,01/10/2025,,AMPARORE
1976-12-12-00:00:00.0,Italia,,0,,,Maschile,Italia,Ricercatori-a-tempo-determinato,Gruppo-01/INFO-01-INFORMATICA,Emilio,0000-0003-1746-3733,,Settore-INFO-01/A-Informatica,0,613539,RICERCATORI--LEGGE-240/10-T.-DET.,INFORMATICA,1876,Biella,01/02/2022,emilio.sulis@unito.it,75,AREA-MIN.-01-Scienze-matematiche-e-informatiche,,,SLSMLE76T12A859N,,104412,31/01/2027,,SULIS
1976-11-07-00:00:00.0,Italia,,72,,,Maschile,Italia,Docenti-di-ruolo-di-IIa-fascia,Gruppo-01/INFO-01-INFORMATICA,Enrico,0000-0001-9205-584X,,Settore-INFO-01/A-Informatica,98,632331,Professori-Associati,INFORMATICA,52473,Castelfiorentino,01/10/2016,enrico.bini@unito.it,99,AREA-MIN.-01-Scienze-matematiche-e-informatiche,,I-8296-2016,BNINRC76S07C101F,E1jnOcUAAAAJ,258386,,7006329088,BINI
1991-05-14-00:00:00.0,Italia,,0,,,Maschile,Italia,Ricercatori-a-tempo-determinato,Gruppo-01/INFO-01-INFORMATICA,Enrico,0000-0001-7743-4999,,Settore-INFO-01/A-Informatica,0,630799,RICERCATORI--LEGGE-240/10-T.-DET.,INFORMATICA,50387,Pinerolo,01/05/2023,enrico.mensa@unito.it,33,AREA-MIN.-01-Scienze-matematiche-e-informatiche,,,MNSNRC91E14G674O,,149857,01/05/2026,,MENSA
1981-03-17-00:00:00.0,Italia,,0,,,Femminile,Italia,Docenti-di-ruolo-di-IIa-fascia,Gruppo-01/INFO-01-INFORMATICA,Fabiana,0000-0002-8093-5943,,Settore-INFO-01/A-Informatica,0,038226,Professori-Associati,INFORMATICA,18276,Giaveno,01/11/2021,fabiana.vernero@unito.it,78,AREA-MIN.-01-Scienze-matematiche-e-informatiche,,,VRNFBN81C57E020Q,,25080,,,VERNERO
1964-03-19-00:00:00.0,Italia,,0,,,Maschile,Italia,Docenti-di-ruolo-di-Ia-fascia,Gruppo-01/INFO-01-INFORMATICA,Fabio,0000-0001-5817-4810,,Settore-INFO-01/A-Informatica,0,668871,Professori-Ordinari,INFORMATICA,120559,Torino,01/11/2022,fabio.ciravegna@unito.it,33,AREA-MIN.-01-Scienze-matematiche-e-informatiche,,,CRVFBA64C19L219R,,417078,31/10/2034,,CIRAVEGNA
1979-07-10-00:00:00.0,Italia,,0,,,Femminile,Italia,Docenti-di-ruolo-di-IIa-fascia,Gruppo-01/INFO-01-INFORMATICA,Federica,0000-0003-3481-3360,,Settore-INFO-01/A-Informatica,0,034733,Professori-Associati,INFORMATICA,14255,Torino,28/12/2018,federica.cena@unito.it,197,AREA-MIN.-01-Scienze-matematiche-e-informatiche,,,CNEFRC79L50L219M,,17183,,,CENA
1960-06-17-00:00:00.0,Italia,,0,,,Maschile,Italia,Docenti-di-ruolo-di-IIa-fascia,Gruppo-01/INFO-01-INFORMATICA,Felice,0000-0002-4841-614X,,Settore-INFO-01/A-Informatica,0,014503,Professori-Associati,INFORMATICA,24603,Torino,01/10/2001,felice.cardone@unito.it,34,AREA-MIN.-01-Scienze-matematiche-e-informatiche,,,CRDFLC60H17L219Y,,91503,01/11/2030,,CARDONE
1968-09-23-00:00:00.0,Italia,,112,DAMIANI///F,,Maschile,Italia,Docenti-di-ruolo-di-Ia-fascia,Gruppo-01/INFO-01-INFORMATICA,Ferruccio,0000-0001-8109-1706,,Settore-INFO-01/A-Informatica,181,014005,Professori-Ordinari,INFORMATICA,17640,Alessandria,28/12/2021,ferruccio.damiani@unito.it,192,AREA-MIN.-01-Scienze-matematiche-e-informatiche,,D-2383-2011,DMNFRC68P23A182Y,FmFRiaAAAAAJ,2420,,8072103800,DAMIANI
1980-12-19-00:00:00.0,Italia,,0,,,Femminile,Italia,Docenti-di-ruolo-di-IIa-fascia,Gruppo-01/INFO-01-INFORMATICA,Francesca,0000-0002-3143-3330,,Settore-INFO-01/A-Informatica,0,035451,Professori-Associati,INFORMATICA,13250,Ivrea,01/07/2020,francesca.cordero@unito.it,154,AREA-MIN.-01-Scienze-matematiche-e-informatiche,,,CRDFNC80T59E379Y,,17817,,,CORDERO
1963-08-12-00:00:00.0,Italia,,0,,,Maschile,Italia,Docenti-di-ruolo-di-Ia-fascia,Gruppo-01/INFO-01-INFORMATICA,Francesco,0000-0003-2567-336X,,Settore-INFO-01/A-Informatica,0,013238,Professori-Ordinari,INFORMATICA,19028,Torino,01/01/2000,francesco.bergadano@unito.it,69,AREA-MIN.-01-Scienze-matematiche-e-informatiche,,,BRGFNC63M12L219J,,3023,01/11/2033,,BERGADANO
1978-07-12-00:00:00.0,Italia,,0,,,Maschile,Italia,Docenti-di-ruolo-di-Ia-fascia,Gruppo-01/INFO-01-INFORMATICA,Gian--Luca,0000-0002-3952-4624,,Settore-INFO-01/A-Informatica,0,034648,Professori-Ordinari,INFORMATICA,13167,Moncalieri,01/07/2024,gianluca.pozzato@unito.it,134,AREA-MIN.-01-Scienze-matematiche-e-informatiche,,,PZZGLC78L12F335W,,16736,,,POZZATO
1975-02-16-00:00:00.0,Italia,,0,,,Maschile,Italia,Docenti-di-ruolo-di-IIa-fascia,Gruppo-01/INFO-01-INFORMATICA,Gianluca,,,Settore-INFO-01/A-Informatica,0,703000,Professori-Associati,INFORMATICA,231618,Galatina,30/12/2020,gianluca.rizzo@unito.it,0,AREA-MIN.-01-Scienze-matematiche-e-informatiche,,,RZZGLC75B16D862J,,484195,,,RIZZO
1970-06-08-00:00:00.0,Italia,,0,,,Maschile,Italia,Ricercatori,Gruppo-01/INFO-01-INFORMATICA,Gianluca,0000-0002-4276-7213,,Settore-INFO-01/A-Informatica,0,034137,Ricercatori-Universitari,INFORMATICA,8847,Fossano,01/11/2005,gianluca.torta@unito.it,78,AREA-MIN.-01-Scienze-matematiche-e-informatiche,,,TRTGLC70H08D742J,,13322,,,TORTA
1986-12-17-00:00:00.0,Italia,,0,,,Maschile,Italia,Ricercatori-a-tempo-determinato,Gruppo-01/INFO-01-INFORMATICA,Giorgio,0000-0002-2319-0375,,Settore-INFO-01/A-Informatica,0,613534,RICERCATORI--LEGGE-240/10-T.-DET.,INFORMATICA,1892,Moncalieri,01/09/2020,giorgio.audrito@unito.it,70,AREA-MIN.-01-Scienze-matematiche-e-informatiche,,,DRTGRG86T17F335N,,104429,01/10/2025,,AUDRITO
1977-06-04-00:00:00.0,Italia,,0,,,Maschile,Italia,Docenti-di-ruolo-di-IIa-fascia,Gruppo-01/INFO-01-INFORMATICA,Giovanni,0000-0001-9219-8437,,Settore-INFO-01/A-Informatica,0,650312,Professori-Associati,INFORMATICA,79776,Reggio-di-Calabria,22/04/2019,giovanni.quattrone@unito.it,18,AREA-MIN.-01-Scienze-matematiche-e-informatiche,,,QTTGNN77H04H224V,,334546,,,QUATTRONE
1969-08-04-00:00:00.0,Italia,,0,,,Maschile,Italia,Docenti-di-ruolo-di-Ia-fascia,Gruppo-01/INFO-01-INFORMATICA,Guido,0000-0001-8804-3379,,Settore-INFO-01/A-Informatica,0,014004,Professori-Ordinari,INFORMATICA,17629,Volterra,01/10/2015,guido.boella@unito.it,305,AREA-MIN.-01-Scienze-matematiche-e-informatiche,,,BLLGDU69M04M126Y,,2419,,,BOELLA
1992-02-29-00:00:00.0,Italia,PE6_2-Distributed-systems,19,,,Maschile,Italia,Ricercatori-a-tempo-determinato,Gruppo-01/INFO-01-INFORMATICA,Iacopo,0000-0001-9290-2017,,Settore-INFO-01/A-Informatica,29,644859,RICERCATORI--LEGGE-240/10-T.-DET.,INFORMATICA,82133,Torino,01/03/2023,iacopo.colonnelli@unito.it,34,AREA-MIN.-01-Scienze-matematiche-e-informatiche,,AAK-3784-2021,CLNCPI92B29L219D,yFutTsMAAAAJ,343465,01/03/2026,57208128139,COLONNELLI
1992-02-29-00:00:00.0,Italia,parallel-computing,19,,,Maschile,Italia,Ricercatori-a-tempo-determinato,Gruppo-01/INFO-01-INFORMATICA,Iacopo,0000-0001-9290-2017,,Settore-INFO-01/A-Informatica,29,644859,RICERCATORI--LEGGE-240/10-T.-DET.,INFORMATICA,82133,Torino,01/03/2023,iacopo.colonnelli@unito.it,34,AREA-MIN.-01-Scienze-matematiche-e-informatiche,,AAK-3784-2021,CLNCPI92B29L219D,yFutTsMAAAAJ,343465,01/03/2026,57208128139,COLONNELLI
1992-02-29-00:00:00.0,Italia,sensor-networks,19,,,Maschile,Italia,Ricercatori-a-tempo-determinato,Gruppo-01/INFO-01-INFORMATICA,Iacopo,0000-0001-9290-2017,,Settore-INFO-01/A-Informatica,29,644859,RICERCATORI--LEGGE-240/10-T.-DET.,INFORMATICA,82133,Torino,01/03/2023,iacopo.colonnelli@unito.it,34,AREA-MIN.-01-Scienze-matematiche-e-informatiche,,AAK-3784-2021,CLNCPI92B29L219D,yFutTsMAAAAJ,343465,01/03/2026,57208128139,COLONNELLI
1992-02-29-00:00:00.0,Italia,cyber-physical-systems-(erc_2022)-,19,,,Maschile,Italia,Ricercatori-a-tempo-determinato,Gruppo-01/INFO-01-INFORMATICA,Iacopo,0000-0001-9290-2017,,Settore-INFO-01/A-Informatica,29,644859,RICERCATORI--LEGGE-240/10-T.-DET.,INFORMATICA,82133,Torino,01/03/2023,iacopo.colonnelli@unito.it,34,AREA-MIN.-01-Scienze-matematiche-e-informatiche,,AAK-3784-2021,CLNCPI92B29L219D,yFutTsMAAAAJ,343465,01/03/2026,57208128139,COLONNELLI
1992-02-29-00:00:00.0,Italia,PE6_12-Scientific-computing,19,,,Maschile,Italia,Ricercatori-a-tempo-determinato,Gruppo-01/INFO-01-INFORMATICA,Iacopo,0000-0001-9290-2017,,Settore-INFO-01/A-Informatica,29,644859,RICERCATORI--LEGGE-240/10-T.-DET.,INFORMATICA,82133,Torino,01/03/2023,iacopo.colonnelli@unito.it,34,AREA-MIN.-01-Scienze-matematiche-e-informatiche,,AAK-3784-2021,CLNCPI92B29L219D,yFutTsMAAAAJ,343465,01/03/2026,57208128139,COLONNELLI
1992-02-29-00:00:00.0,Italia,simulation-and-modelling-tools-(erc_2022)-,19,,,Maschile,Italia,Ricercatori-a-tempo-determinato,Gruppo-01/INFO-01-INFORMATICA,Iacopo,0000-0001-9290-2017,,Settore-INFO-01/A-Informatica,29,644859,RICERCATORI--LEGGE-240/10-T.-DET.,INFORMATICA,82133,Torino,01/03/2023,iacopo.colonnelli@unito.it,34,AREA-MIN.-01-Scienze-matematiche-e-informatiche,,AAK-3784-2021,CLNCPI92B29L219D,yFutTsMAAAAJ,343465,01/03/2026,57208128139,COLONNELLI
1992-02-29-00:00:00.0,Italia,PE6_3-Software-engineering,19,,,Maschile,Italia,Ricercatori-a-tempo-determinato,Gruppo-01/INFO-01-INFORMATICA,Iacopo,0000-0001-9290-2017,,Settore-INFO-01/A-Informatica,29,644859,RICERCATORI--LEGGE-240/10-T.-DET.,INFORMATICA,82133,Torino,01/03/2023,iacopo.colonnelli@unito.it,34,AREA-MIN.-01-Scienze-matematiche-e-informatiche,,AAK-3784-2021,CLNCPI92B29L219D,yFutTsMAAAAJ,343465,01/03/2026,57208128139,COLONNELLI
1992-02-29-00:00:00.0,Italia,programming-languages-and-systems-(erc_2022),19,,,Maschile,Italia,Ricercatori-a-tempo-determinato,Gruppo-01/INFO-01-INFORMATICA,Iacopo,0000-0001-9290-2017,,Settore-INFO-01/A-Informatica,29,644859,RICERCATORI--LEGGE-240/10-T.-DET.,INFORMATICA,82133,Torino,01/03/2023,iacopo.colonnelli@unito.it,34,AREA-MIN.-01-Scienze-matematiche-e-informatiche,,AAK-3784-2021,CLNCPI92B29L219D,yFutTsMAAAAJ,343465,01/03/2026,57208128139,COLONNELLI
1980-03-30-00:00:00.0,Brasile,PE6_5-Security,0,,,Maschile,Italia,Docenti-di-ruolo-di-IIa-fascia,Gruppo-01/INFO-01-INFORMATICA,Idilio,0000-0003-1932-1261,,Settore-INFO-01/A-Informatica,80,656985,Professori-Associati,INFORMATICA,99186,,01/04/2023,idilio.drago@unito.it,93,AREA-MIN.-01-Scienze-matematiche-e-informatiche,,,DRGDLI80C30Z602X,0K72LOkAAAAJ,374408,,25926966100,DRAGO
1980-03-30-00:00:00.0,Brasile,privacy,0,,,Maschile,Italia,Docenti-di-ruolo-di-IIa-fascia,Gruppo-01/INFO-01-INFORMATICA,Idilio,0000-0003-1932-1261,,Settore-INFO-01/A-Informatica,80,656985,Professori-Associati,INFORMATICA,99186,,01/04/2023,idilio.drago@unito.it,93,AREA-MIN.-01-Scienze-matematiche-e-informatiche,,,DRGDLI80C30Z602X,0K72LOkAAAAJ,374408,,25926966100,DRAGO
1980-03-30-00:00:00.0,Brasile,cryptology,0,,,Maschile,Italia,Docenti-di-ruolo-di-IIa-fascia,Gruppo-01/INFO-01-INFORMATICA,Idilio,0000-0003-1932-1261,,Settore-INFO-01/A-Informatica,80,656985,Professori-Associati,INFORMATICA,99186,,01/04/2023,idilio.drago@unito.it,93,AREA-MIN.-01-Scienze-matematiche-e-informatiche,,,DRGDLI80C30Z602X,0K72LOkAAAAJ,374408,,25926966100,DRAGO
1980-03-30-00:00:00.0,Brasile,quantum-cryptography-(erc_2022)-,0,,,Maschile,Italia,Docenti-di-ruolo-di-IIa-fascia,Gruppo-01/INFO-01-INFORMATICA,Idilio,0000-0003-1932-1261,,Settore-INFO-01/A-Informatica,80,656985,Professori-Associati,INFORMATICA,99186,,01/04/2023,idilio.drago@unito.it,93,AREA-MIN.-01-Scienze-matematiche-e-informatiche,,,DRGDLI80C30Z602X,0K72LOkAAAAJ,374408,,25926966100,DRAGO
1980-03-30-00:00:00.0,Brasile,PE6_7-Artificial-intelligence,0,,,Maschile,Italia,Docenti-di-ruolo-di-IIa-fascia,Gruppo-01/INFO-01-INFORMATICA,Idilio,0000-0003-1932-1261,,Settore-INFO-01/A-Informatica,80,656985,Professori-Associati,INFORMATICA,99186,,01/04/2023,idilio.drago@unito.it,93,AREA-MIN.-01-Scienze-matematiche-e-informatiche,,,DRGDLI80C30Z602X,0K72LOkAAAAJ,374408,,25926966100,DRAGO
1980-03-30-00:00:00.0,Brasile,intelligent-systems,0,,,Maschile,Italia,Docenti-di-ruolo-di-IIa-fascia,Gruppo-01/INFO-01-INFORMATICA,Idilio,0000-0003-1932-1261,,Settore-INFO-01/A-Informatica,80,656985,Professori-Associati,INFORMATICA,99186,,01/04/2023,idilio.drago@unito.it,93,AREA-MIN.-01-Scienze-matematiche-e-informatiche,,,DRGDLI80C30Z602X,0K72LOkAAAAJ,374408,,25926966100,DRAGO
1980-03-30-00:00:00.0,Brasile,natural-language-processing-(erc_2022)-,0,,,Maschile,Italia,Docenti-di-ruolo-di-IIa-fascia,Gruppo-01/INFO-01-INFORMATICA,Idilio,0000-0003-1932-1261,,Settore-INFO-01/A-Informatica,80,656985,Professori-Associati,INFORMATICA,99186,,01/04/2023,idilio.drago@unito.it,93,AREA-MIN.-01-Scienze-matematiche-e-informatiche,,,DRGDLI80C30Z602X,0K72LOkAAAAJ,374408,,25926966100,DRAGO
1980-03-30-00:00:00.0,Brasile,PE7_8-Networks,0,,,Maschile,Italia,Docenti-di-ruolo-di-IIa-fascia,Gruppo-01/INFO-01-INFORMATICA,Idilio,0000-0003-1932-1261,,Settore-INFO-01/A-Informatica,80,656985,Professori-Associati,INFORMATICA,99186,,01/04/2023,idilio.drago@unito.it,93,AREA-MIN.-01-Scienze-matematiche-e-informatiche,,,DRGDLI80C30Z602X,0K72LOkAAAAJ,374408,,25926966100,DRAGO
1980-03-30-00:00:00.0,Brasile,e.g.-communication-networks-and-nodes,0,,,Maschile,Italia,Docenti-di-ruolo-di-IIa-fascia,Gruppo-01/INFO-01-INFORMATICA,Idilio,0000-0003-1932-1261,,Settore-INFO-01/A-Informatica,80,656985,Professori-Associati,INFORMATICA,99186,,01/04/2023,idilio.drago@unito.it,93,AREA-MIN.-01-Scienze-matematiche-e-informatiche,,,DRGDLI80C30Z602X,0K72LOkAAAAJ,374408,,25926966100,DRAGO
1980-03-30-00:00:00.0,Brasile,Internet-of-Things,0,,,Maschile,Italia,Docenti-di-ruolo-di-IIa-fascia,Gruppo-01/INFO-01-INFORMATICA,Idilio,0000-0003-1932-1261,,Settore-INFO-01/A-Informatica,80,656985,Professori-Associati,INFORMATICA,99186,,01/04/2023,idilio.drago@unito.it,93,AREA-MIN.-01-Scienze-matematiche-e-informatiche,,,DRGDLI80C30Z602X,0K72LOkAAAAJ,374408,,25926966100,DRAGO
1980-03-30-00:00:00.0,Brasile,sensor-networks,0,,,Maschile,Italia,Docenti-di-ruolo-di-IIa-fascia,Gruppo-01/INFO-01-INFORMATICA,Idilio,0000-0003-1932-1261,,Settore-INFO-01/A-Informatica,80,656985,Professori-Associati,INFORMATICA,99186,,01/04/2023,idilio.drago@unito.it,93,AREA-MIN.-01-Scienze-matematiche-e-informatiche,,,DRGDLI80C30Z602X,0K72LOkAAAAJ,374408,,25926966100,DRAGO
1980-03-30-00:00:00.0,Brasile,networks-of-robots-(erc_2022),0,,,Maschile,Italia,Docenti-di-ruolo-di-IIa-fascia,Gruppo-01/INFO-01-INFORMATICA,Idilio,0000-0003-1932-1261,,Settore-INFO-01/A-Informatica,80,656985,Professori-Associati,INFORMATICA,99186,,01/04/2023,idilio.drago@unito.it,93,AREA-MIN.-01-Scienze-matematiche-e-informatiche,,,DRGDLI80C30Z602X,0K72LOkAAAAJ,374408,,25926966100,DRAGO
1974-04-16-00:00:00.0,Regno-Unito,PE6_4-Theoretical-computer-science,0,,,Maschile,Regno-Unito,Ricercatori,Gruppo-01/INFO-01-INFORMATICA,Jeremy-James,0000-0003-2101-6821,,Settore-INFO-01/A-Informatica,0,061715,Ricercatori-Universitari,INFORMATICA,167,,01/11/2002,jeremy.sproston@unito.it,51,AREA-MIN.-01-Scienze-matematiche-e-informatiche,,,SPRJMY74D16Z114J,,10101,,,SPROSTON
1974-04-16-00:00:00.0,Regno-Unito,formal-methods,0,,,Maschile,Regno-Unito,Ricercatori,Gruppo-01/INFO-01-INFORMATICA,Jeremy-James,0000-0003-2101-6821,,Settore-INFO-01/A-Informatica,0,061715,Ricercatori-Universitari,INFORMATICA,167,,01/11/2002,jeremy.sproston@unito.it,51,AREA-MIN.-01-Scienze-matematiche-e-informatiche,,,SPRJMY74D16Z114J,,10101,,,SPROSTON
1974-04-16-00:00:00.0,Regno-Unito,automata-(erc_2022),0,,,Maschile,Regno-Unito,Ricercatori,Gruppo-01/INFO-01-INFORMATICA,Jeremy-James,0000-0003-2101-6821,,Settore-INFO-01/A-Informatica,0,061715,Ricercatori-Universitari,INFORMATICA,167,,01/11/2002,jeremy.sproston@unito.it,51,AREA-MIN.-01-Scienze-matematiche-e-informatiche,,,SPRJMY74D16Z114J,,10101,,,SPROSTON
1966-09-28-00:00:00.0,Italia,PE6_9-Human-computer-interaction-and-interface,0,Mauro///Noemi,,Femminile,Italia,Docenti-di-ruolo-di-Ia-fascia,Gruppo-01/INFO-01-INFORMATICA,Liliana,0000-0002-1339-4243,,Settore-INFO-01/A-Informatica,151,013903,Professori-Ordinari,INFORMATICA,15281,Ivrea,01/04/2021,liliana.ardissono@unito.it,168,AREA-MIN.-01-Scienze-matematiche-e-informatiche,USER-MODELING,,RDSLLN66P68E379J,,1979,,6603677372,ARDISSONO
1966-09-28-00:00:00.0,Italia,visualisation-(erc_2022)-,0,Mauro///Noemi,,Femminile,Italia,Docenti-di-ruolo-di-Ia-fascia,Gruppo-01/INFO-01-INFORMATICA,Liliana,0000-0002-1339-4243,,Settore-INFO-01/A-Informatica,151,013903,Professori-Ordinari,INFORMATICA,15281,Ivrea,01/04/2021,liliana.ardissono@unito.it,168,AREA-MIN.-01-Scienze-matematiche-e-informatiche,USER-MODELING,,RDSLLN66P68E379J,,1979,,6603677372,ARDISSONO
1966-09-28-00:00:00.0,Italia,PE6_10-Web-and-information-systems,0,Mauro///Noemi,,Femminile,Italia,Docenti-di-ruolo-di-Ia-fascia,Gruppo-01/INFO-01-INFORMATICA,Liliana,0000-0002-1339-4243,,Settore-INFO-01/A-Informatica,151,013903,Professori-Ordinari,INFORMATICA,15281,Ivrea,01/04/2021,liliana.ardissono@unito.it,168,AREA-MIN.-01-Scienze-matematiche-e-informatiche,USER-MODELING,,RDSLLN66P68E379J,,1979,,6603677372,ARDISSONO
1966-09-28-00:00:00.0,Italia,data-management-systems,0,Mauro///Noemi,,Femminile,Italia,Docenti-di-ruolo-di-Ia-fascia,Gruppo-01/INFO-01-INFORMATICA,Liliana,0000-0002-1339-4243,,Settore-INFO-01/A-Informatica,151,013903,Professori-Ordinari,INFORMATICA,15281,Ivrea,01/04/2021,liliana.ardissono@unito.it,168,AREA-MIN.-01-Scienze-matematiche-e-informatiche,USER-MODELING,,RDSLLN66P68E379J,,1979,,6603677372,ARDISSONO
1966-09-28-00:00:00.0,Italia,information-retrieval-and-digital-libraries,0,Mauro///Noemi,,Femminile,Italia,Docenti-di-ruolo-di-Ia-fascia,Gruppo-01/INFO-01-INFORMATICA,Liliana,0000-0002-1339-4243,,Settore-INFO-01/A-Informatica,151,013903,Professori-Ordinari,INFORMATICA,15281,Ivrea,01/04/2021,liliana.ardissono@unito.it,168,AREA-MIN.-01-Scienze-matematiche-e-informatiche,USER-MODELING,,RDSLLN66P68E379J,,1979,,6603677372,ARDISSONO
1966-09-28-00:00:00.0,Italia,data-fusion-(erc_2022),0,Mauro///Noemi,,Femminile,Italia,Docenti-di-ruolo-di-Ia-fascia,Gruppo-01/INFO-01-INFORMATICA,Liliana,0000-0002-1339-4243,,Settore-INFO-01/A-Informatica,151,013903,Professori-Ordinari,INFORMATICA,15281,Ivrea,01/04/2021,liliana.ardissono@unito.it,168,AREA-MIN.-01-Scienze-matematiche-e-informatiche,USER-MODELING,,RDSLLN66P68E379J,,1979,,6603677372,ARDISSONO
1966-09-28-00:00:00.0,Italia,PE6_9-Human-computer-interaction-and-interface,0,Mauro///Noemi,,Femminile,Italia,Docenti-di-ruolo-di-Ia-fascia,Gruppo-01/INFO-01-INFORMATICA,Liliana,0000-0002-1339-4243,,Settore-INFO-01/A-Informatica,151,013903,Professori-Ordinari,INFORMATICA,15281,Ivrea,01/04/2021,liliana.ardissono@unito.it,168,AREA-MIN.-01-Scienze-matematiche-e-informatiche,RECOMMENDER-SYSTEMS,,RDSLLN66P68E379J,,1979,,6603677372,ARDISSONO
1966-09-28-00:00:00.0,Italia,visualisation-(erc_2022)-,0,Mauro///Noemi,,Femminile,Italia,Docenti-di-ruolo-di-Ia-fascia,Gruppo-01/INFO-01-INFORMATICA,Liliana,0000-0002-1339-4243,,Settore-INFO-01/A-Informatica,151,013903,Professori-Ordinari,INFORMATICA,15281,Ivrea,01/04/2021,liliana.ardissono@unito.it,168,AREA-MIN.-01-Scienze-matematiche-e-informatiche,RECOMMENDER-SYSTEMS,,RDSLLN66P68E379J,,1979,,6603677372,ARDISSONO
1966-09-28-00:00:00.0,Italia,PE6_10-Web-and-information-systems,0,Mauro///Noemi,,Femminile,Italia,Docenti-di-ruolo-di-Ia-fascia,Gruppo-01/INFO-01-INFORMATICA,Liliana,0000-0002-1339-4243,,Settore-INFO-01/A-Informatica,151,013903,Professori-Ordinari,INFORMATICA,15281,Ivrea,01/04/2021,liliana.ardissono@unito.it,168,AREA-MIN.-01-Scienze-matematiche-e-informatiche,RECOMMENDER-SYSTEMS,,RDSLLN66P68E379J,,1979,,6603677372,ARDISSONO
1966-09-28-00:00:00.0,Italia,data-management-systems,0,Mauro///Noemi,,Femminile,Italia,Docenti-di-ruolo-di-Ia-fascia,Gruppo-01/INFO-01-INFORMATICA,Liliana,0000-0002-1339-4243,,Settore-INFO-01/A-Informatica,151,013903,Professori-Ordinari,INFORMATICA,15281,Ivrea,01/04/2021,liliana.ardissono@unito.it,168,AREA-MIN.-01-Scienze-matematiche-e-informatiche,RECOMMENDER-SYSTEMS,,RDSLLN66P68E379J,,1979,,6603677372,ARDISSONO
1966-09-28-00:00:00.0,Italia,information-retrieval-and-digital-libraries,0,Mauro///Noemi,,Femminile,Italia,Docenti-di-ruolo-di-Ia-fascia,Gruppo-01/INFO-01-INFORMATICA,Liliana,0000-0002-1339-4243,,Settore-INFO-01/A-Informatica,151,013903,Professori-Ordinari,INFORMATICA,15281,Ivrea,01/04/2021,liliana.ardissono@unito.it,168,AREA-MIN.-01-Scienze-matematiche-e-informatiche,RECOMMENDER-SYSTEMS,,RDSLLN66P68E379J,,1979,,6603677372,ARDISSONO
1966-09-28-00:00:00.0,Italia,data-fusion-(erc_2022),0,Mauro///Noemi,,Femminile,Italia,Docenti-di-ruolo-di-Ia-fascia,Gruppo-01/INFO-01-INFORMATICA,Liliana,0000-0002-1339-4243,,Settore-INFO-01/A-Informatica,151,013903,Professori-Ordinari,INFORMATICA,15281,Ivrea,01/04/2021,liliana.ardissono@unito.it,168,AREA-MIN.-01-Scienze-matematiche-e-informatiche,RECOMMENDER-SYSTEMS,,RDSLLN66P68E379J,,1979,,6603677372,ARDISSONO
1966-09-28-00:00:00.0,Italia,PE6_9-Human-computer-interaction-and-interface,0,Mauro///Noemi,,Femminile,Italia,Docenti-di-ruolo-di-Ia-fascia,Gruppo-01/INFO-01-INFORMATICA,Liliana,0000-0002-1339-4243,,Settore-INFO-01/A-Informatica,151,013903,Professori-Ordinari,INFORMATICA,15281,Ivrea,01/04/2021,liliana.ardissono@unito.it,168,AREA-MIN.-01-Scienze-matematiche-e-informatiche,INFORMATION-EXPLORATION-SUPPORT,,RDSLLN66P68E379J,,1979,,6603677372,ARDISSONO
1966-09-28-00:00:00.0,Italia,visualisation-(erc_2022)-,0,Mauro///Noemi,,Femminile,Italia,Docenti-di-ruolo-di-Ia-fascia,Gruppo-01/INFO-01-INFORMATICA,Liliana,0000-0002-1339-4243,,Settore-INFO-01/A-Informatica,151,013903,Professori-Ordinari,INFORMATICA,15281,Ivrea,01/04/2021,liliana.ardissono@unito.it,168,AREA-MIN.-01-Scienze-matematiche-e-informatiche,INFORMATION-EXPLORATION-SUPPORT,,RDSLLN66P68E379J,,1979,,6603677372,ARDISSONO
1966-09-28-00:00:00.0,Italia,PE6_10-Web-and-information-systems,0,Mauro///Noemi,,Femminile,Italia,Docenti-di-ruolo-di-Ia-fascia,Gruppo-01/INFO-01-INFORMATICA,Liliana,0000-0002-1339-4243,,Settore-INFO-01/A-Informatica,151,013903,Professori-Ordinari,INFORMATICA,15281,Ivrea,01/04/2021,liliana.ardissono@unito.it,168,AREA-MIN.-01-Scienze-matematiche-e-informatiche,INFORMATION-EXPLORATION-SUPPORT,,RDSLLN66P68E379J,,1979,,6603677372,ARDISSONO
1966-09-28-00:00:00.0,Italia,data-management-systems,0,Mauro///Noemi,,Femminile,Italia,Docenti-di-ruolo-di-Ia-fascia,Gruppo-01/INFO-01-INFORMATICA,Liliana,0000-0002-1339-4243,,Settore-INFO-01/A-Informatica,151,013903,Professori-Ordinari,INFORMATICA,15281,Ivrea,01/04/2021,liliana.ardissono@unito.it,168,AREA-MIN.-01-Scienze-matematiche-e-informatiche,INFORMATION-EXPLORATION-SUPPORT,,RDSLLN66P68E379J,,1979,,6603677372,ARDISSONO
1966-09-28-00:00:00.0,Italia,information-retrieval-and-digital-libraries,0,Mauro///Noemi,,Femminile,Italia,Docenti-di-ruolo-di-Ia-fascia,Gruppo-01/INFO-01-INFORMATICA,Liliana,0000-0002-1339-4243,,Settore-INFO-01/A-Informatica,151,013903,Professori-Ordinari,INFORMATICA,15281,Ivrea,01/04/2021,liliana.ardissono@unito.it,168,AREA-MIN.-01-Scienze-matematiche-e-informatiche,INFORMATION-EXPLORATION-SUPPORT,,RDSLLN66P68E379J,,1979,,6603677372,ARDISSONO
1966-09-28-00:00:00.0,Italia,data-fusion-(erc_2022),0,Mauro///Noemi,,Femminile,Italia,Docenti-di-ruolo-di-Ia-fascia,Gruppo-01/INFO-01-INFORMATICA,Liliana,0000-0002-1339-4243,,Settore-INFO-01/A-Informatica,151,013903,Professori-Ordinari,INFORMATICA,15281,Ivrea,01/04/2021,liliana.ardissono@unito.it,168,AREA-MIN.-01-Scienze-matematiche-e-informatiche,INFORMATION-EXPLORATION-SUPPORT,,RDSLLN66P68E379J,,1979,,6603677372,ARDISSONO
1975-01-19-00:00:00.0,Italia,PE6_7-Artificial-intelligence,0,,,Maschile,Italia,Docenti-di-ruolo-di-IIa-fascia,Gruppo-01/INFO-01-INFORMATICA,Luca,0000-0003-2292-6480,,Settore-INFO-01/A-Informatica,62,033516,Professori-Associati,INFORMATICA,10047,Torino,01/10/2022,luca.anselma@unito.it,81,AREA-MIN.-01-Scienze-matematiche-e-informatiche,,,NSLLCU75A19L219F,,14588,,6506377194,ANSELMA
1975-01-19-00:00:00.0,Italia,intelligent-systems,0,,,Maschile,Italia,Docenti-di-ruolo-di-IIa-fascia,Gruppo-01/INFO-01-INFORMATICA,Luca,0000-0003-2292-6480,,Settore-INFO-01/A-Informatica,62,033516,Professori-Associati,INFORMATICA,10047,Torino,01/10/2022,luca.anselma@unito.it,81,AREA-MIN.-01-Scienze-matematiche-e-informatiche,,,NSLLCU75A19L219F,,14588,,6506377194,ANSELMA
1975-01-19-00:00:00.0,Italia,natural-language-processing-(erc_2022)-,0,,,Maschile,Italia,Docenti-di-ruolo-di-IIa-fascia,Gruppo-01/INFO-01-INFORMATICA,Luca,0000-0003-2292-6480,,Settore-INFO-01/A-Informatica,62,033516,Professori-Associati,INFORMATICA,10047,Torino,01/10/2022,luca.anselma@unito.it,81,AREA-MIN.-01-Scienze-matematiche-e-informatiche,,,NSLLCU75A19L219F,,14588,,6506377194,ANSELMA
1975-01-19-00:00:00.0,Italia,PE6_10-Web-and-information-systems,0,,,Maschile,Italia,Docenti-di-ruolo-di-IIa-fascia,Gruppo-01/INFO-01-INFORMATICA,Luca,0000-0003-2292-6480,,Settore-INFO-01/A-Informatica,62,033516,Professori-Associati,INFORMATICA,10047,Torino,01/10/2022,luca.anselma@unito.it,81,AREA-MIN.-01-Scienze-matematiche-e-informatiche,,,NSLLCU75A19L219F,,14588,,6506377194,ANSELMA
1975-01-19-00:00:00.0,Italia,data-management-systems,0,,,Maschile,Italia,Docenti-di-ruolo-di-IIa-fascia,Gruppo-01/INFO-01-INFORMATICA,Luca,0000-0003-2292-6480,,Settore-INFO-01/A-Informatica,62,033516,Professori-Associati,INFORMATICA,10047,Torino,01/10/2022,luca.anselma@unito.it,81,AREA-MIN.-01-Scienze-matematiche-e-informatiche,,,NSLLCU75A19L219F,,14588,,6506377194,ANSELMA
1975-01-19-00:00:00.0,Italia,information-retrieval-and-digital-libraries,0,,,Maschile,Italia,Docenti-di-ruolo-di-IIa-fascia,Gruppo-01/INFO-01-INFORMATICA,Luca,0000-0003-2292-6480,,Settore-INFO-01/A-Informatica,62,033516,Professori-Associati,INFORMATICA,10047,Torino,01/10/2022,luca.anselma@unito.it,81,AREA-MIN.-01-Scienze-matematiche-e-informatiche,,,NSLLCU75A19L219F,,14588,,6506377194,ANSELMA
1975-01-19-00:00:00.0,Italia,data-fusion-(erc_2022),0,,,Maschile,Italia,Docenti-di-ruolo-di-IIa-fascia,Gruppo-01/INFO-01-INFORMATICA,Luca,0000-0003-2292-6480,,Settore-INFO-01/A-Informatica,62,033516,Professori-Associati,INFORMATICA,10047,Torino,01/10/2022,luca.anselma@unito.it,81,AREA-MIN.-01-Scienze-matematiche-e-informatiche,,,NSLLCU75A19L219F,,14588,,6506377194,ANSELMA
1962-05-04-00:00:00.0,Italia,,0,,,Maschile,Italia,Docenti-di-ruolo-di-Ia-fascia,Gruppo-01/INFO-01-INFORMATICA,Luca,0000-0003-2948-5622,,Settore-INFO-01/A-Informatica,0,013484,Professori-Ordinari,INFORMATICA,16765,Torino,01/10/2000,luca.console@unito.it,137,AREA-MIN.-01-Scienze-matematiche-e-informatiche,,,CNSLCU62E04L219J,,2176,01/11/2032,,CONSOLE
1966-01-22-00:00:00.0,Italia,,21,L.-Roversi///Luca-Roversi///ROVERSI-L.,,Maschile,Italia,Docenti-di-ruolo-di-IIa-fascia,Gruppo-01/INFO-01-INFORMATICA,Luca,0000-0002-1871-6109,,Settore-INFO-01/A-Informatica,0,013941,Professori-Associati,INFORMATICA,16857,Quistello,01/11/2002,luca.roversi@unito.it,54,AREA-MIN.-01-Scienze-matematiche-e-informatiche,,C-9698-2011,RVRLCU66A22H143Q,,2187,,486586,ROVERSI
1970-08-21-00:00:00.0,Italia,PE1_1-Logic-and-foundations-(erc_2022)-,40,,,Maschile,Italia,Docenti-di-ruolo-di-IIa-fascia,Gruppo-01/INFO-01-INFORMATICA,Luca-Luigi,0000-0002-4126-0170,,Settore-INFO-01/A-Informatica,51,062161,Professori-Associati,INFORMATICA,11094,Aosta,01/10/2021,luca.paolini@unito.it,86,AREA-MIN.-01-Scienze-matematiche-e-informatiche,programming-languages,M-8924-2019,PLNLLG70M21A326M,https://scholar.google.it/citations?user=IyUb86gAAAAJ&hl=it,15651,,6602743423,PAOLINI
1970-08-21-00:00:00.0,Italia,PE6_3-Software-engineering,40,,,Maschile,Italia,Docenti-di-ruolo-di-IIa-fascia,Gruppo-01/INFO-01-INFORMATICA,Luca-Luigi,0000-0002-4126-0170,,Settore-INFO-01/A-Informatica,51,062161,Professori-Associati,INFORMATICA,11094,Aosta,01/10/2021,luca.paolini@unito.it,86,AREA-MIN.-01-Scienze-matematiche-e-informatiche,programming-languages,M-8924-2019,PLNLLG70M21A326M,https://scholar.google.it/citations?user=IyUb86gAAAAJ&hl=it,15651,,6602743423,PAOLINI
1970-08-21-00:00:00.0,Italia,programming-languages-and-systems-(erc_2022)-,40,,,Maschile,Italia,Docenti-di-ruolo-di-IIa-fascia,Gruppo-01/INFO-01-INFORMATICA,Luca-Luigi,0000-0002-4126-0170,,Settore-INFO-01/A-Informatica,51,062161,Professori-Associati,INFORMATICA,11094,Aosta,01/10/2021,luca.paolini@unito.it,86,AREA-MIN.-01-Scienze-matematiche-e-informatiche,programming-languages,M-8924-2019,PLNLLG70M21A326M,https://scholar.google.it/citations?user=IyUb86gAAAAJ&hl=it,15651,,6602743423,PAOLINI
1970-08-21-00:00:00.0,Italia,PE6_4-Theoretical-computer-science,40,,,Maschile,Italia,Docenti-di-ruolo-di-IIa-fascia,Gruppo-01/INFO-01-INFORMATICA,Luca-Luigi,0000-0002-4126-0170,,Settore-INFO-01/A-Informatica,51,062161,Professori-Associati,INFORMATICA,11094,Aosta,01/10/2021,luca.paolini@unito.it,86,AREA-MIN.-01-Scienze-matematiche-e-informatiche,programming-languages,M-8924-2019,PLNLLG70M21A326M,https://scholar.google.it/citations?user=IyUb86gAAAAJ&hl=it,15651,,6602743423,PAOLINI
1970-08-21-00:00:00.0,Italia,formal-methods,40,,,Maschile,Italia,Docenti-di-ruolo-di-IIa-fascia,Gruppo-01/INFO-01-INFORMATICA,Luca-Luigi,0000-0002-4126-0170,,Settore-INFO-01/A-Informatica,51,062161,Professori-Associati,INFORMATICA,11094,Aosta,01/10/2021,luca.paolini@unito.it,86,AREA-MIN.-01-Scienze-matematiche-e-informatiche,programming-languages,M-8924-2019,PLNLLG70M21A326M,https://scholar.google.it/citations?user=IyUb86gAAAAJ&hl=it,15651,,6602743423,PAOLINI
1970-08-21-00:00:00.0,Italia,automata-(erc_2022)-,40,,,Maschile,Italia,Docenti-di-ruolo-di-IIa-fascia,Gruppo-01/INFO-01-INFORMATICA,Luca-Luigi,0000-0002-4126-0170,,Settore-INFO-01/A-Informatica,51,062161,Professori-Associati,INFORMATICA,11094,Aosta,01/10/2021,luca.paolini@unito.it,86,AREA-MIN.-01-Scienze-matematiche-e-informatiche,programming-languages,M-8924-2019,PLNLLG70M21A326M,https://scholar.google.it/citations?user=IyUb86gAAAAJ&hl=it,15651,,6602743423,PAOLINI
1970-08-21-00:00:00.0,Italia,PE6_14-Quantum-computing-(formal-methods,40,,,Maschile,Italia,Docenti-di-ruolo-di-IIa-fascia,Gruppo-01/INFO-01-INFORMATICA,Luca-Luigi,0000-0002-4126-0170,,Settore-INFO-01/A-Informatica,51,062161,Professori-Associati,INFORMATICA,11094,Aosta,01/10/2021,luca.paolini@unito.it,86,AREA-MIN.-01-Scienze-matematiche-e-informatiche,programming-languages,M-8924-2019,PLNLLG70M21A326M,https://scholar.google.it/citations?user=IyUb86gAAAAJ&hl=it,15651,,6602743423,PAOLINI
1970-08-21-00:00:00.0,Italia,algorithms-and-other-computer-science-aspects)-(erc_2022),40,,,Maschile,Italia,Docenti-di-ruolo-di-IIa-fascia,Gruppo-01/INFO-01-INFORMATICA,Luca-Luigi,0000-0002-4126-0170,,Settore-INFO-01/A-Informatica,51,062161,Professori-Associati,INFORMATICA,11094,Aosta,01/10/2021,luca.paolini@unito.it,86,AREA-MIN.-01-Scienze-matematiche-e-informatiche,programming-languages,M-8924-2019,PLNLLG70M21A326M,https://scholar.google.it/citations?user=IyUb86gAAAAJ&hl=it,15651,,6602743423,PAOLINI
1970-08-21-00:00:00.0,Italia,PE1_1-Logic-and-foundations-(erc_2022)-,40,,,Maschile,Italia,Docenti-di-ruolo-di-IIa-fascia,Gruppo-01/INFO-01-INFORMATICA,Luca-Luigi,0000-0002-4126-0170,,Settore-INFO-01/A-Informatica,51,062161,Professori-Associati,INFORMATICA,11094,Aosta,01/10/2021,luca.paolini@unito.it,86,AREA-MIN.-01-Scienze-matematiche-e-informatiche,Software-analysis-and-verification,M-8924-2019,PLNLLG70M21A326M,https://scholar.google.it/citations?user=IyUb86gAAAAJ&hl=it,15651,,6602743423,PAOLINI
1970-08-21-00:00:00.0,Italia,PE6_3-Software-engineering,40,,,Maschile,Italia,Docenti-di-ruolo-di-IIa-fascia,Gruppo-01/INFO-01-INFORMATICA,Luca-Luigi,0000-0002-4126-0170,,Settore-INFO-01/A-Informatica,51,062161,Professori-Associati,INFORMATICA,11094,Aosta,01/10/2021,luca.paolini@unito.it,86,AREA-MIN.-01-Scienze-matematiche-e-informatiche,Software-analysis-and-verification,M-8924-2019,PLNLLG70M21A326M,https://scholar.google.it/citations?user=IyUb86gAAAAJ&hl=it,15651,,6602743423,PAOLINI
1970-08-21-00:00:00.0,Italia,programming-languages-and-systems-(erc_2022)-,40,,,Maschile,Italia,Docenti-di-ruolo-di-IIa-fascia,Gruppo-01/INFO-01-INFORMATICA,Luca-Luigi,0000-0002-4126-0170,,Settore-INFO-01/A-Informatica,51,062161,Professori-Associati,INFORMATICA,11094,Aosta,01/10/2021,luca.paolini@unito.it,86,AREA-MIN.-01-Scienze-matematiche-e-informatiche,Software-analysis-and-verification,M-8924-2019,PLNLLG70M21A326M,https://scholar.google.it/citations?user=IyUb86gAAAAJ&hl=it,15651,,6602743423,PAOLINI
1970-08-21-00:00:00.0,Italia,PE6_4-Theoretical-computer-science,40,,,Maschile,Italia,Docenti-di-ruolo-di-IIa-fascia,Gruppo-01/INFO-01-INFORMATICA,Luca-Luigi,0000-0002-4126-0170,,Settore-INFO-01/A-Informatica,51,062161,Professori-Associati,INFORMATICA,11094,Aosta,01/10/2021,luca.paolini@unito.it,86,AREA-MIN.-01-Scienze-matematiche-e-informatiche,Software-analysis-and-verification,M-8924-2019,PLNLLG70M21A326M,https://scholar.google.it/citations?user=IyUb86gAAAAJ&hl=it,15651,,6602743423,PAOLINI
1970-08-21-00:00:00.0,Italia,formal-methods,40,,,Maschile,Italia,Docenti-di-ruolo-di-IIa-fascia,Gruppo-01/INFO-01-INFORMATICA,Luca-Luigi,0000-0002-4126-0170,,Settore-INFO-01/A-Informatica,51,062161,Professori-Associati,INFORMATICA,11094,Aosta,01/10/2021,luca.paolini@unito.it,86,AREA-MIN.-01-Scienze-matematiche-e-informatiche,Software-analysis-and-verification,M-8924-2019,PLNLLG70M21A326M,https://scholar.google.it/citations?user=IyUb86gAAAAJ&hl=it,15651,,6602743423,PAOLINI
1970-08-21-00:00:00.0,Italia,automata-(erc_2022)-,40,,,Maschile,Italia,Docenti-di-ruolo-di-IIa-fascia,Gruppo-01/INFO-01-INFORMATICA,Luca-Luigi,0000-0002-4126-0170,,Settore-INFO-01/A-Informatica,51,062161,Professori-Associati,INFORMATICA,11094,Aosta,01/10/2021,luca.paolini@unito.it,86,AREA-MIN.-01-Scienze-matematiche-e-informatiche,Software-analysis-and-verification,M-8924-2019,PLNLLG70M21A326M,https://scholar.google.it/citations?user=IyUb86gAAAAJ&hl=it,15651,,6602743423,PAOLINI
1970-08-21-00:00:00.0,Italia,PE6_14-Quantum-computing-(formal-methods,40,,,Maschile,Italia,Docenti-di-ruolo-di-IIa-fascia,Gruppo-01/INFO-01-INFORMATICA,Luca-Luigi,0000-0002-4126-0170,,Settore-INFO-01/A-Informatica,51,062161,Professori-Associati,INFORMATICA,11094,Aosta,01/10/2021,luca.paolini@unito.it,86,AREA-MIN.-01-Scienze-matematiche-e-informatiche,Software-analysis-and-verification,M-8924-2019,PLNLLG70M21A326M,https://scholar.google.it/citations?user=IyUb86gAAAAJ&hl=it,15651,,6602743423,PAOLINI
1970-08-21-00:00:00.0,Italia,algorithms-and-other-computer-science-aspects)-(erc_2022),40,,,Maschile,Italia,Docenti-di-ruolo-di-IIa-fascia,Gruppo-01/INFO-01-INFORMATICA,Luca-Luigi,0000-0002-4126-0170,,Settore-INFO-01/A-Informatica,51,062161,Professori-Associati,INFORMATICA,11094,Aosta,01/10/2021,luca.paolini@unito.it,86,AREA-MIN.-01-Scienze-matematiche-e-informatiche,Software-analysis-and-verification,M-8924-2019,PLNLLG70M21A326M,https://scholar.google.it/citations?user=IyUb86gAAAAJ&hl=it,15651,,6602743423,PAOLINI
1970-08-21-00:00:00.0,Italia,PE1_1-Logic-and-foundations-(erc_2022)-,40,,,Maschile,Italia,Docenti-di-ruolo-di-IIa-fascia,Gruppo-01/INFO-01-INFORMATICA,Luca-Luigi,0000-0002-4126-0170,,Settore-INFO-01/A-Informatica,51,062161,Professori-Associati,INFORMATICA,11094,Aosta,01/10/2021,luca.paolini@unito.it,86,AREA-MIN.-01-Scienze-matematiche-e-informatiche,quantum-computing,M-8924-2019,PLNLLG70M21A326M,https://scholar.google.it/citations?user=IyUb86gAAAAJ&hl=it,15651,,6602743423,PAOLINI
1970-08-21-00:00:00.0,Italia,PE6_3-Software-engineering,40,,,Maschile,Italia,Docenti-di-ruolo-di-IIa-fascia,Gruppo-01/INFO-01-INFORMATICA,Luca-Luigi,0000-0002-4126-0170,,Settore-INFO-01/A-Informatica,51,062161,Professori-Associati,INFORMATICA,11094,Aosta,01/10/2021,luca.paolini@unito.it,86,AREA-MIN.-01-Scienze-matematiche-e-informatiche,quantum-computing,M-8924-2019,PLNLLG70M21A326M,https://scholar.google.it/citations?user=IyUb86gAAAAJ&hl=it,15651,,6602743423,PAOLINI
1970-08-21-00:00:00.0,Italia,programming-languages-and-systems-(erc_2022)-,40,,,Maschile,Italia,Docenti-di-ruolo-di-IIa-fascia,Gruppo-01/INFO-01-INFORMATICA,Luca-Luigi,0000-0002-4126-0170,,Settore-INFO-01/A-Informatica,51,062161,Professori-Associati,INFORMATICA,11094,Aosta,01/10/2021,luca.paolini@unito.it,86,AREA-MIN.-01-Scienze-matematiche-e-informatiche,quantum-computing,M-8924-2019,PLNLLG70M21A326M,https://scholar.google.it/citations?user=IyUb86gAAAAJ&hl=it,15651,,6602743423,PAOLINI
1970-08-21-00:00:00.0,Italia,PE6_4-Theoretical-computer-science,40,,,Maschile,Italia,Docenti-di-ruolo-di-IIa-fascia,Gruppo-01/INFO-01-INFORMATICA,Luca-Luigi,0000-0002-4126-0170,,Settore-INFO-01/A-Informatica,51,062161,Professori-Associati,INFORMATICA,11094,Aosta,01/10/2021,luca.paolini@unito.it,86,AREA-MIN.-01-Scienze-matematiche-e-informatiche,quantum-computing,M-8924-2019,PLNLLG70M21A326M,https://scholar.google.it/citations?user=IyUb86gAAAAJ&hl=it,15651,,6602743423,PAOLINI
1970-08-21-00:00:00.0,Italia,formal-methods,40,,,Maschile,Italia,Docenti-di-ruolo-di-IIa-fascia,Gruppo-01/INFO-01-INFORMATICA,Luca-Luigi,0000-0002-4126-0170,,Settore-INFO-01/A-Informatica,51,062161,Professori-Associati,INFORMATICA,11094,Aosta,01/10/2021,luca.paolini@unito.it,86,AREA-MIN.-01-Scienze-matematiche-e-informatiche,quantum-computing,M-8924-2019,PLNLLG70M21A326M,https://scholar.google.it/citations?user=IyUb86gAAAAJ&hl=it,15651,,6602743423,PAOLINI
1970-08-21-00:00:00.0,Italia,automata-(erc_2022)-,40,,,Maschile,Italia,Docenti-di-ruolo-di-IIa-fascia,Gruppo-01/INFO-01-INFORMATICA,Luca-Luigi,0000-0002-4126-0170,,Settore-INFO-01/A-Informatica,51,062161,Professori-Associati,INFORMATICA,11094,Aosta,01/10/2021,luca.paolini@unito.it,86,AREA-MIN.-01-Scienze-matematiche-e-informatiche,quantum-computing,M-8924-2019,PLNLLG70M21A326M,https://scholar.google.it/citations?user=IyUb86gAAAAJ&hl=it,15651,,6602743423,PAOLINI
1970-08-21-00:00:00.0,Italia,PE6_14-Quantum-computing-(formal-methods,40,,,Maschile,Italia,Docenti-di-ruolo-di-IIa-fascia,Gruppo-01/INFO-01-INFORMATICA,Luca-Luigi,0000-0002-4126-0170,,Settore-INFO-01/A-Informatica,51,062161,Professori-Associati,INFORMATICA,11094,Aosta,01/10/2021,luca.paolini@unito.it,86,AREA-MIN.-01-Scienze-matematiche-e-informatiche,quantum-computing,M-8924-2019,PLNLLG70M21A326M,https://scholar.google.it/citations?user=IyUb86gAAAAJ&hl=it,15651,,6602743423,PAOLINI
1970-08-21-00:00:00.0,Italia,algorithms-and-other-computer-science-aspects)-(erc_2022),40,,,Maschile,Italia,Docenti-di-ruolo-di-IIa-fascia,Gruppo-01/INFO-01-INFORMATICA,Luca-Luigi,0000-0002-4126-0170,,Settore-INFO-01/A-Informatica,51,062161,Professori-Associati,INFORMATICA,11094,Aosta,01/10/2021,luca.paolini@unito.it,86,AREA-MIN.-01-Scienze-matematiche-e-informatiche,quantum-computing,M-8924-2019,PLNLLG70M21A326M,https://scholar.google.it/citations?user=IyUb86gAAAAJ&hl=it,15651,,6602743423,PAOLINI
1982-10-01-00:00:00.0,Italia,PE6_7-Artificial-intelligence,0,L.-Di-Caro///Luigi--Di-Caro,,Maschile,Italia,Docenti-di-ruolo-di-IIa-fascia,Gruppo-01/INFO-01-INFORMATICA,Luigi,0000-0002-7570-637X,,Settore-INFO-01/A-Informatica,125,037573,Professori-Associati,INFORMATICA,18266,Torino,01/10/2022,luigi.dicaro@unito.it,120,AREA-MIN.-01-Scienze-matematiche-e-informatiche,DATA-MINING,,DCRLGU82R01L219A,XQAvqi4AAAAJ,25071,,26534198600,DI-CARO
1982-10-01-00:00:00.0,Italia,intelligent-systems,0,L.-Di-Caro///Luigi--Di-Caro,,Maschile,Italia,Docenti-di-ruolo-di-IIa-fascia,Gruppo-01/INFO-01-INFORMATICA,Luigi,0000-0002-7570-637X,,Settore-INFO-01/A-Informatica,125,037573,Professori-Associati,INFORMATICA,18266,Torino,01/10/2022,luigi.dicaro@unito.it,120,AREA-MIN.-01-Scienze-matematiche-e-informatiche,DATA-MINING,,DCRLGU82R01L219A,XQAvqi4AAAAJ,25071,,26534198600,DI-CARO
1982-10-01-00:00:00.0,Italia,multi-agent-systems-(erc_2013)-,0,L.-Di-Caro///Luigi--Di-Caro,,Maschile,Italia,Docenti-di-ruolo-di-IIa-fascia,Gruppo-01/INFO-01-INFORMATICA,Luigi,0000-0002-7570-637X,,Settore-INFO-01/A-Informatica,125,037573,Professori-Associati,INFORMATICA,18266,Torino,01/10/2022,luigi.dicaro@unito.it,120,AREA-MIN.-01-Scienze-matematiche-e-informatiche,DATA-MINING,,DCRLGU82R01L219A,XQAvqi4AAAAJ,25071,,26534198600,DI-CARO
1982-10-01-00:00:00.0,Italia,PE6_9-Human-computer-interaction-and-interface,0,L.-Di-Caro///Luigi--Di-Caro,,Maschile,Italia,Docenti-di-ruolo-di-IIa-fascia,Gruppo-01/INFO-01-INFORMATICA,Luigi,0000-0002-7570-637X,,Settore-INFO-01/A-Informatica,125,037573,Professori-Associati,INFORMATICA,18266,Torino,01/10/2022,luigi.dicaro@unito.it,120,AREA-MIN.-01-Scienze-matematiche-e-informatiche,DATA-MINING,,DCRLGU82R01L219A,XQAvqi4AAAAJ,25071,,26534198600,DI-CARO
1982-10-01-00:00:00.0,Italia,visualization-and-natural-language-processing-(erc_2013)-,0,L.-Di-Caro///Luigi--Di-Caro,,Maschile,Italia,Docenti-di-ruolo-di-IIa-fascia,Gruppo-01/INFO-01-INFORMATICA,Luigi,0000-0002-7570-637X,,Settore-INFO-01/A-Informatica,125,037573,Professori-Associati,INFORMATICA,18266,Torino,01/10/2022,luigi.dicaro@unito.it,120,AREA-MIN.-01-Scienze-matematiche-e-informatiche,DATA-MINING,,DCRLGU82R01L219A,XQAvqi4AAAAJ,25071,,26534198600,DI-CARO
1982-10-01-00:00:00.0,Italia,PE6_10-Web-and-information-systems,0,L.-Di-Caro///Luigi--Di-Caro,,Maschile,Italia,Docenti-di-ruolo-di-IIa-fascia,Gruppo-01/INFO-01-INFORMATICA,Luigi,0000-0002-7570-637X,,Settore-INFO-01/A-Informatica,125,037573,Professori-Associati,INFORMATICA,18266,Torino,01/10/2022,luigi.dicaro@unito.it,120,AREA-MIN.-01-Scienze-matematiche-e-informatiche,DATA-MINING,,DCRLGU82R01L219A,XQAvqi4AAAAJ,25071,,26534198600,DI-CARO
1982-10-01-00:00:00.0,Italia,database-systems,0,L.-Di-Caro///Luigi--Di-Caro,,Maschile,Italia,Docenti-di-ruolo-di-IIa-fascia,Gruppo-01/INFO-01-INFORMATICA,Luigi,0000-0002-7570-637X,,Settore-INFO-01/A-Informatica,125,037573,Professori-Associati,INFORMATICA,18266,Torino,01/10/2022,luigi.dicaro@unito.it,120,AREA-MIN.-01-Scienze-matematiche-e-informatiche,DATA-MINING,,DCRLGU82R01L219A,XQAvqi4AAAAJ,25071,,26534198600,DI-CARO
1982-10-01-00:00:00.0,Italia,information-retrieval-and-digital-libraries,0,L.-Di-Caro///Luigi--Di-Caro,,Maschile,Italia,Docenti-di-ruolo-di-IIa-fascia,Gruppo-01/INFO-01-INFORMATICA,Luigi,0000-0002-7570-637X,,Settore-INFO-01/A-Informatica,125,037573,Professori-Associati,INFORMATICA,18266,Torino,01/10/2022,luigi.dicaro@unito.it,120,AREA-MIN.-01-Scienze-matematiche-e-informatiche,DATA-MINING,,DCRLGU82R01L219A,XQAvqi4AAAAJ,25071,,26534198600,DI-CARO
1982-10-01-00:00:00.0,Italia,data-fusion-(erc_2013)-,0,L.-Di-Caro///Luigi--Di-Caro,,Maschile,Italia,Docenti-di-ruolo-di-IIa-fascia,Gruppo-01/INFO-01-INFORMATICA,Luigi,0000-0002-7570-637X,,Settore-INFO-01/A-Informatica,125,037573,Professori-Associati,INFORMATICA,18266,Torino,01/10/2022,luigi.dicaro@unito.it,120,AREA-MIN.-01-Scienze-matematiche-e-informatiche,DATA-MINING,,DCRLGU82R01L219A,XQAvqi4AAAAJ,25071,,26534198600,DI-CARO
1982-10-01-00:00:00.0,Italia,PE6_11-Machine-learning,0,L.-Di-Caro///Luigi--Di-Caro,,Maschile,Italia,Docenti-di-ruolo-di-IIa-fascia,Gruppo-01/INFO-01-INFORMATICA,Luigi,0000-0002-7570-637X,,Settore-INFO-01/A-Informatica,125,037573,Professori-Associati,INFORMATICA,18266,Torino,01/10/2022,luigi.dicaro@unito.it,120,AREA-MIN.-01-Scienze-matematiche-e-informatiche,DATA-MINING,,DCRLGU82R01L219A,XQAvqi4AAAAJ,25071,,26534198600,DI-CARO
1982-10-01-00:00:00.0,Italia,statistical-data-processing-and-applications-using-signal-processing-(e.g.-speech,0,L.-Di-Caro///Luigi--Di-Caro,,Maschile,Italia,Docenti-di-ruolo-di-IIa-fascia,Gruppo-01/INFO-01-INFORMATICA,Luigi,0000-0002-7570-637X,,Settore-INFO-01/A-Informatica,125,037573,Professori-Associati,INFORMATICA,18266,Torino,01/10/2022,luigi.dicaro@unito.it,120,AREA-MIN.-01-Scienze-matematiche-e-informatiche,DATA-MINING,,DCRLGU82R01L219A,XQAvqi4AAAAJ,25071,,26534198600,DI-CARO
1982-10-01-00:00:00.0,Italia,image,0,L.-Di-Caro///Luigi--Di-Caro,,Maschile,Italia,Docenti-di-ruolo-di-IIa-fascia,Gruppo-01/INFO-01-INFORMATICA,Luigi,0000-0002-7570-637X,,Settore-INFO-01/A-Informatica,125,037573,Professori-Associati,INFORMATICA,18266,Torino,01/10/2022,luigi.dicaro@unito.it,120,AREA-MIN.-01-Scienze-matematiche-e-informatiche,DATA-MINING,,DCRLGU82R01L219A,XQAvqi4AAAAJ,25071,,26534198600,DI-CARO
1982-10-01-00:00:00.0,Italia,video)-(erc_2013)-,0,L.-Di-Caro///Luigi--Di-Caro,,Maschile,Italia,Docenti-di-ruolo-di-IIa-fascia,Gruppo-01/INFO-01-INFORMATICA,Luigi,0000-0002-7570-637X,,Settore-INFO-01/A-Informatica,125,037573,Professori-Associati,INFORMATICA,18266,Torino,01/10/2022,luigi.dicaro@unito.it,120,AREA-MIN.-01-Scienze-matematiche-e-informatiche,DATA-MINING,,DCRLGU82R01L219A,XQAvqi4AAAAJ,25071,,26534198600,DI-CARO
1982-10-01-00:00:00.0,Italia,PE6_11-Machine-learning,0,L.-Di-Caro///Luigi--Di-Caro,,Maschile,Italia,Docenti-di-ruolo-di-IIa-fascia,Gruppo-01/INFO-01-INFORMATICA,Luigi,0000-0002-7570-637X,,Settore-INFO-01/A-Informatica,125,037573,Professori-Associati,INFORMATICA,18266,Torino,01/10/2022,luigi.dicaro@unito.it,120,AREA-MIN.-01-Scienze-matematiche-e-informatiche,DATA-MINING,,DCRLGU82R01L219A,XQAvqi4AAAAJ,25071,,26534198600,DI-CARO
1982-10-01-00:00:00.0,Italia,statistical-data-processing-and-applications-using-signal-processing-(e.g.-speech,0,L.-Di-Caro///Luigi--Di-Caro,,Maschile,Italia,Docenti-di-ruolo-di-IIa-fascia,Gruppo-01/INFO-01-INFORMATICA,Luigi,0000-0002-7570-637X,,Settore-INFO-01/A-Informatica,125,037573,Professori-Associati,INFORMATICA,18266,Torino,01/10/2022,luigi.dicaro@unito.it,120,AREA-MIN.-01-Scienze-matematiche-e-informatiche,DATA-MINING,,DCRLGU82R01L219A,XQAvqi4AAAAJ,25071,,26534198600,DI-CARO
1982-10-01-00:00:00.0,Italia,image,0,L.-Di-Caro///Luigi--Di-Caro,,Maschile,Italia,Docenti-di-ruolo-di-IIa-fascia,Gruppo-01/INFO-01-INFORMATICA,Luigi,0000-0002-7570-637X,,Settore-INFO-01/A-Informatica,125,037573,Professori-Associati,INFORMATICA,18266,Torino,01/10/2022,luigi.dicaro@unito.it,120,AREA-MIN.-01-Scienze-matematiche-e-informatiche,DATA-MINING,,DCRLGU82R01L219A,XQAvqi4AAAAJ,25071,,26534198600,DI-CARO
1982-10-01-00:00:00.0,Italia,video)-(erc_2016)-,0,L.-Di-Caro///Luigi--Di-Caro,,Maschile,Italia,Docenti-di-ruolo-di-IIa-fascia,Gruppo-01/INFO-01-INFORMATICA,Luigi,0000-0002-7570-637X,,Settore-INFO-01/A-Informatica,125,037573,Professori-Associati,INFORMATICA,18266,Torino,01/10/2022,luigi.dicaro@unito.it,120,AREA-MIN.-01-Scienze-matematiche-e-informatiche,DATA-MINING,,DCRLGU82R01L219A,XQAvqi4AAAAJ,25071,,26534198600,DI-CARO
1982-10-01-00:00:00.0,Italia,PE6_10-Web-and-information-systems,0,L.-Di-Caro///Luigi--Di-Caro,,Maschile,Italia,Docenti-di-ruolo-di-IIa-fascia,Gruppo-01/INFO-01-INFORMATICA,Luigi,0000-0002-7570-637X,,Settore-INFO-01/A-Informatica,125,037573,Professori-Associati,INFORMATICA,18266,Torino,01/10/2022,luigi.dicaro@unito.it,120,AREA-MIN.-01-Scienze-matematiche-e-informatiche,DATA-MINING,,DCRLGU82R01L219A,XQAvqi4AAAAJ,25071,,26534198600,DI-CARO
1982-10-01-00:00:00.0,Italia,database-systems,0,L.-Di-Caro///Luigi--Di-Caro,,Maschile,Italia,Docenti-di-ruolo-di-IIa-fascia,Gruppo-01/INFO-01-INFORMATICA,Luigi,0000-0002-7570-637X,,Settore-INFO-01/A-Informatica,125,037573,Professori-Associati,INFORMATICA,18266,Torino,01/10/2022,luigi.dicaro@unito.it,120,AREA-MIN.-01-Scienze-matematiche-e-informatiche,DATA-MINING,,DCRLGU82R01L219A,XQAvqi4AAAAJ,25071,,26534198600,DI-CARO
1982-10-01-00:00:00.0,Italia,information-retrieval-and-digital-libraries,0,L.-Di-Caro///Luigi--Di-Caro,,Maschile,Italia,Docenti-di-ruolo-di-IIa-fascia,Gruppo-01/INFO-01-INFORMATICA,Luigi,0000-0002-7570-637X,,Settore-INFO-01/A-Informatica,125,037573,Professori-Associati,INFORMATICA,18266,Torino,01/10/2022,luigi.dicaro@unito.it,120,AREA-MIN.-01-Scienze-matematiche-e-informatiche,DATA-MINING,,DCRLGU82R01L219A,XQAvqi4AAAAJ,25071,,26534198600,DI-CARO
1982-10-01-00:00:00.0,Italia,data-fusion-(erc_2016)-,0,L.-Di-Caro///Luigi--Di-Caro,,Maschile,Italia,Docenti-di-ruolo-di-IIa-fascia,Gruppo-01/INFO-01-INFORMATICA,Luigi,0000-0002-7570-637X,,Settore-INFO-01/A-Informatica,125,037573,Professori-Associati,INFORMATICA,18266,Torino,01/10/2022,luigi.dicaro@unito.it,120,AREA-MIN.-01-Scienze-matematiche-e-informatiche,DATA-MINING,,DCRLGU82R01L219A,XQAvqi4AAAAJ,25071,,26534198600,DI-CARO
1982-10-01-00:00:00.0,Italia,PE6_7-Artificial-intelligence,0,L.-Di-Caro///Luigi--Di-Caro,,Maschile,Italia,Docenti-di-ruolo-di-IIa-fascia,Gruppo-01/INFO-01-INFORMATICA,Luigi,0000-0002-7570-637X,,Settore-INFO-01/A-Informatica,125,037573,Professori-Associati,INFORMATICA,18266,Torino,01/10/2022,luigi.dicaro@unito.it,120,AREA-MIN.-01-Scienze-matematiche-e-informatiche,DATA-MINING,,DCRLGU82R01L219A,XQAvqi4AAAAJ,25071,,26534198600,DI-CARO
1982-10-01-00:00:00.0,Italia,intelligent-systems,0,L.-Di-Caro///Luigi--Di-Caro,,Maschile,Italia,Docenti-di-ruolo-di-IIa-fascia,Gruppo-01/INFO-01-INFORMATICA,Luigi,0000-0002-7570-637X,,Settore-INFO-01/A-Informatica,125,037573,Professori-Associati,INFORMATICA,18266,Torino,01/10/2022,luigi.dicaro@unito.it,120,AREA-MIN.-01-Scienze-matematiche-e-informatiche,DATA-MINING,,DCRLGU82R01L219A,XQAvqi4AAAAJ,25071,,26534198600,DI-CARO
1982-10-01-00:00:00.0,Italia,multi-agent-systems-(erc_2016)-,0,L.-Di-Caro///Luigi--Di-Caro,,Maschile,Italia,Docenti-di-ruolo-di-IIa-fascia,Gruppo-01/INFO-01-INFORMATICA,Luigi,0000-0002-7570-637X,,Settore-INFO-01/A-Informatica,125,037573,Professori-Associati,INFORMATICA,18266,Torino,01/10/2022,luigi.dicaro@unito.it,120,AREA-MIN.-01-Scienze-matematiche-e-informatiche,DATA-MINING,,DCRLGU82R01L219A,XQAvqi4AAAAJ,25071,,26534198600,DI-CARO
1982-10-01-00:00:00.0,Italia,PE6_9-Human-computer-interaction-and-interface,0,L.-Di-Caro///Luigi--Di-Caro,,Maschile,Italia,Docenti-di-ruolo-di-IIa-fascia,Gruppo-01/INFO-01-INFORMATICA,Luigi,0000-0002-7570-637X,,Settore-INFO-01/A-Informatica,125,037573,Professori-Associati,INFORMATICA,18266,Torino,01/10/2022,luigi.dicaro@unito.it,120,AREA-MIN.-01-Scienze-matematiche-e-informatiche,DATA-MINING,,DCRLGU82R01L219A,XQAvqi4AAAAJ,25071,,26534198600,DI-CARO
1982-10-01-00:00:00.0,Italia,visualisation-and-natural-language-processing-(erc_2016)-,0,L.-Di-Caro///Luigi--Di-Caro,,Maschile,Italia,Docenti-di-ruolo-di-IIa-fascia,Gruppo-01/INFO-01-INFORMATICA,Luigi,0000-0002-7570-637X,,Settore-INFO-01/A-Informatica,125,037573,Professori-Associati,INFORMATICA,18266,Torino,01/10/2022,luigi.dicaro@unito.it,120,AREA-MIN.-01-Scienze-matematiche-e-informatiche,DATA-MINING,,DCRLGU82R01L219A,XQAvqi4AAAAJ,25071,,26534198600,DI-CARO
1982-10-01-00:00:00.0,Italia,LS1_1-Macromolecular-complexes-including-interactions-involving-nucleic-acids,0,L.-Di-Caro///Luigi--Di-Caro,,Maschile,Italia,Docenti-di-ruolo-di-IIa-fascia,Gruppo-01/INFO-01-INFORMATICA,Luigi,0000-0002-7570-637X,,Settore-INFO-01/A-Informatica,125,037573,Professori-Associati,INFORMATICA,18266,Torino,01/10/2022,luigi.dicaro@unito.it,120,AREA-MIN.-01-Scienze-matematiche-e-informatiche,DATA-MINING,,DCRLGU82R01L219A,XQAvqi4AAAAJ,25071,,26534198600,DI-CARO
1982-10-01-00:00:00.0,Italia,proteins,0,L.-Di-Caro///Luigi--Di-Caro,,Maschile,Italia,Docenti-di-ruolo-di-IIa-fascia,Gruppo-01/INFO-01-INFORMATICA,Luigi,0000-0002-7570-637X,,Settore-INFO-01/A-Informatica,125,037573,Professori-Associati,INFORMATICA,18266,Torino,01/10/2022,luigi.dicaro@unito.it,120,AREA-MIN.-01-Scienze-matematiche-e-informatiche,DATA-MINING,,DCRLGU82R01L219A,XQAvqi4AAAAJ,25071,,26534198600,DI-CARO
1982-10-01-00:00:00.0,Italia,lipids-and-carbohydrates-(erc_2022),0,L.-Di-Caro///Luigi--Di-Caro,,Maschile,Italia,Docenti-di-ruolo-di-IIa-fascia,Gruppo-01/INFO-01-INFORMATICA,Luigi,0000-0002-7570-637X,,Settore-INFO-01/A-Informatica,125,037573,Professori-Associati,INFORMATICA,18266,Torino,01/10/2022,luigi.dicaro@unito.it,120,AREA-MIN.-01-Scienze-matematiche-e-informatiche,DATA-MINING,,DCRLGU82R01L219A,XQAvqi4AAAAJ,25071,,26534198600,DI-CARO
1982-10-01-00:00:00.0,Italia,PE6_7-Artificial-intelligence,0,L.-Di-Caro///Luigi--Di-Caro,,Maschile,Italia,Docenti-di-ruolo-di-IIa-fascia,Gruppo-01/INFO-01-INFORMATICA,Luigi,0000-0002-7570-637X,,Settore-INFO-01/A-Informatica,125,037573,Professori-Associati,INFORMATICA,18266,Torino,01/10/2022,luigi.dicaro@unito.it,120,AREA-MIN.-01-Scienze-matematiche-e-informatiche,COMPUTATIONAL-LINGUISTICS,,DCRLGU82R01L219A,XQAvqi4AAAAJ,25071,,26534198600,DI-CARO
1982-10-01-00:00:00.0,Italia,intelligent-systems,0,L.-Di-Caro///Luigi--Di-Caro,,Maschile,Italia,Docenti-di-ruolo-di-IIa-fascia,Gruppo-01/INFO-01-INFORMATICA,Luigi,0000-0002-7570-637X,,Settore-INFO-01/A-Informatica,125,037573,Professori-Associati,INFORMATICA,18266,Torino,01/10/2022,luigi.dicaro@unito.it,120,AREA-MIN.-01-Scienze-matematiche-e-informatiche,COMPUTATIONAL-LINGUISTICS,,DCRLGU82R01L219A,XQAvqi4AAAAJ,25071,,26534198600,DI-CARO
1982-10-01-00:00:00.0,Italia,multi-agent-systems-(erc_2013)-,0,L.-Di-Caro///Luigi--Di-Caro,,Maschile,Italia,Docenti-di-ruolo-di-IIa-fascia,Gruppo-01/INFO-01-INFORMATICA,Luigi,0000-0002-7570-637X,,Settore-INFO-01/A-Informatica,125,037573,Professori-Associati,INFORMATICA,18266,Torino,01/10/2022,luigi.dicaro@unito.it,120,AREA-MIN.-01-Scienze-matematiche-e-informatiche,COMPUTATIONAL-LINGUISTICS,,DCRLGU82R01L219A,XQAvqi4AAAAJ,25071,,26534198600,DI-CARO
1982-10-01-00:00:00.0,Italia,PE6_9-Human-computer-interaction-and-interface,0,L.-Di-Caro///Luigi--Di-Caro,,Maschile,Italia,Docenti-di-ruolo-di-IIa-fascia,Gruppo-01/INFO-01-INFORMATICA,Luigi,0000-0002-7570-637X,,Settore-INFO-01/A-Informatica,125,037573,Professori-Associati,INFORMATICA,18266,Torino,01/10/2022,luigi.dicaro@unito.it,120,AREA-MIN.-01-Scienze-matematiche-e-informatiche,COMPUTATIONAL-LINGUISTICS,,DCRLGU82R01L219A,XQAvqi4AAAAJ,25071,,26534198600,DI-CARO
1982-10-01-00:00:00.0,Italia,visualization-and-natural-language-processing-(erc_2013)-,0,L.-Di-Caro///Luigi--Di-Caro,,Maschile,Italia,Docenti-di-ruolo-di-IIa-fascia,Gruppo-01/INFO-01-INFORMATICA,Luigi,0000-0002-7570-637X,,Settore-INFO-01/A-Informatica,125,037573,Professori-Associati,INFORMATICA,18266,Torino,01/10/2022,luigi.dicaro@unito.it,120,AREA-MIN.-01-Scienze-matematiche-e-informatiche,COMPUTATIONAL-LINGUISTICS,,DCRLGU82R01L219A,XQAvqi4AAAAJ,25071,,26534198600,DI-CARO
1982-10-01-00:00:00.0,Italia,PE6_10-Web-and-information-systems,0,L.-Di-Caro///Luigi--Di-Caro,,Maschile,Italia,Docenti-di-ruolo-di-IIa-fascia,Gruppo-01/INFO-01-INFORMATICA,Luigi,0000-0002-7570-637X,,Settore-INFO-01/A-Informatica,125,037573,Professori-Associati,INFORMATICA,18266,Torino,01/10/2022,luigi.dicaro@unito.it,120,AREA-MIN.-01-Scienze-matematiche-e-informatiche,COMPUTATIONAL-LINGUISTICS,,DCRLGU82R01L219A,XQAvqi4AAAAJ,25071,,26534198600,DI-CARO
1982-10-01-00:00:00.0,Italia,database-systems,0,L.-Di-Caro///Luigi--Di-Caro,,Maschile,Italia,Docenti-di-ruolo-di-IIa-fascia,Gruppo-01/INFO-01-INFORMATICA,Luigi,0000-0002-7570-637X,,Settore-INFO-01/A-Informatica,125,037573,Professori-Associati,INFORMATICA,18266,Torino,01/10/2022,luigi.dicaro@unito.it,120,AREA-MIN.-01-Scienze-matematiche-e-informatiche,COMPUTATIONAL-LINGUISTICS,,DCRLGU82R01L219A,XQAvqi4AAAAJ,25071,,26534198600,DI-CARO
1982-10-01-00:00:00.0,Italia,information-retrieval-and-digital-libraries,0,L.-Di-Caro///Luigi--Di-Caro,,Maschile,Italia,Docenti-di-ruolo-di-IIa-fascia,Gruppo-01/INFO-01-INFORMATICA,Luigi,0000-0002-7570-637X,,Settore-INFO-01/A-Informatica,125,037573,Professori-Associati,INFORMATICA,18266,Torino,01/10/2022,luigi.dicaro@unito.it,120,AREA-MIN.-01-Scienze-matematiche-e-informatiche,COMPUTATIONAL-LINGUISTICS,,DCRLGU82R01L219A,XQAvqi4AAAAJ,25071,,26534198600,DI-CARO
1982-10-01-00:00:00.0,Italia,data-fusion-(erc_2013)-,0,L.-Di-Caro///Luigi--Di-Caro,,Maschile,Italia,Docenti-di-ruolo-di-IIa-fascia,Gruppo-01/INFO-01-INFORMATICA,Luigi,0000-0002-7570-637X,,Settore-INFO-01/A-Informatica,125,037573,Professori-Associati,INFORMATICA,18266,Torino,01/10/2022,luigi.dicaro@unito.it,120,AREA-MIN.-01-Scienze-matematiche-e-informatiche,COMPUTATIONAL-LINGUISTICS,,DCRLGU82R01L219A,XQAvqi4AAAAJ,25071,,26534198600,DI-CARO
1982-10-01-00:00:00.0,Italia,PE6_11-Machine-learning,0,L.-Di-Caro///Luigi--Di-Caro,,Maschile,Italia,Docenti-di-ruolo-di-IIa-fascia,Gruppo-01/INFO-01-INFORMATICA,Luigi,0000-0002-7570-637X,,Settore-INFO-01/A-Informatica,125,037573,Professori-Associati,INFORMATICA,18266,Torino,01/10/2022,luigi.dicaro@unito.it,120,AREA-MIN.-01-Scienze-matematiche-e-informatiche,COMPUTATIONAL-LINGUISTICS,,DCRLGU82R01L219A,XQAvqi4AAAAJ,25071,,26534198600,DI-CARO
1982-10-01-00:00:00.0,Italia,statistical-data-processing-and-applications-using-signal-processing-(e.g.-speech,0,L.-Di-Caro///Luigi--Di-Caro,,Maschile,Italia,Docenti-di-ruolo-di-IIa-fascia,Gruppo-01/INFO-01-INFORMATICA,Luigi,0000-0002-7570-637X,,Settore-INFO-01/A-Informatica,125,037573,Professori-Associati,INFORMATICA,18266,Torino,01/10/2022,luigi.dicaro@unito.it,120,AREA-MIN.-01-Scienze-matematiche-e-informatiche,COMPUTATIONAL-LINGUISTICS,,DCRLGU82R01L219A,XQAvqi4AAAAJ,25071,,26534198600,DI-CARO
1982-10-01-00:00:00.0,Italia,image,0,L.-Di-Caro///Luigi--Di-Caro,,Maschile,Italia,Docenti-di-ruolo-di-IIa-fascia,Gruppo-01/INFO-01-INFORMATICA,Luigi,0000-0002-7570-637X,,Settore-INFO-01/A-Informatica,125,037573,Professori-Associati,INFORMATICA,18266,Torino,01/10/2022,luigi.dicaro@unito.it,120,AREA-MIN.-01-Scienze-matematiche-e-informatiche,COMPUTATIONAL-LINGUISTICS,,DCRLGU82R01L219A,XQAvqi4AAAAJ,25071,,26534198600,DI-CARO
1982-10-01-00:00:00.0,Italia,video)-(erc_2013)-,0,L.-Di-Caro///Luigi--Di-Caro,,Maschile,Italia,Docenti-di-ruolo-di-IIa-fascia,Gruppo-01/INFO-01-INFORMATICA,Luigi,0000-0002-7570-637X,,Settore-INFO-01/A-Informatica,125,037573,Professori-Associati,INFORMATICA,18266,Torino,01/10/2022,luigi.dicaro@unito.it,120,AREA-MIN.-01-Scienze-matematiche-e-informatiche,COMPUTATIONAL-LINGUISTICS,,DCRLGU82R01L219A,XQAvqi4AAAAJ,25071,,26534198600,DI-CARO
1982-10-01-00:00:00.0,Italia,PE6_11-Machine-learning,0,L.-Di-Caro///Luigi--Di-Caro,,Maschile,Italia,Docenti-di-ruolo-di-IIa-fascia,Gruppo-01/INFO-01-INFORMATICA,Luigi,0000-0002-7570-637X,,Settore-INFO-01/A-Informatica,125,037573,Professori-Associati,INFORMATICA,18266,Torino,01/10/2022,luigi.dicaro@unito.it,120,AREA-MIN.-01-Scienze-matematiche-e-informatiche,COMPUTATIONAL-LINGUISTICS,,DCRLGU82R01L219A,XQAvqi4AAAAJ,25071,,26534198600,DI-CARO
1982-10-01-00:00:00.0,Italia,statistical-data-processing-and-applications-using-signal-processing-(e.g.-speech,0,L.-Di-Caro///Luigi--Di-Caro,,Maschile,Italia,Docenti-di-ruolo-di-IIa-fascia,Gruppo-01/INFO-01-INFORMATICA,Luigi,0000-0002-7570-637X,,Settore-INFO-01/A-Informatica,125,037573,Professori-Associati,INFORMATICA,18266,Torino,01/10/2022,luigi.dicaro@unito.it,120,AREA-MIN.-01-Scienze-matematiche-e-informatiche,COMPUTATIONAL-LINGUISTICS,,DCRLGU82R01L219A,XQAvqi4AAAAJ,25071,,26534198600,DI-CARO
1982-10-01-00:00:00.0,Italia,image,0,L.-Di-Caro///Luigi--Di-Caro,,Maschile,Italia,Docenti-di-ruolo-di-IIa-fascia,Gruppo-01/INFO-01-INFORMATICA,Luigi,0000-0002-7570-637X,,Settore-INFO-01/A-Informatica,125,037573,Professori-Associati,INFORMATICA,18266,Torino,01/10/2022,luigi.dicaro@unito.it,120,AREA-MIN.-01-Scienze-matematiche-e-informatiche,COMPUTATIONAL-LINGUISTICS,,DCRLGU82R01L219A,XQAvqi4AAAAJ,25071,,26534198600,DI-CARO
1982-10-01-00:00:00.0,Italia,video)-(erc_2016)-,0,L.-Di-Caro///Luigi--Di-Caro,,Maschile,Italia,Docenti-di-ruolo-di-IIa-fascia,Gruppo-01/INFO-01-INFORMATICA,Luigi,0000-0002-7570-637X,,Settore-INFO-01/A-Informatica,125,037573,Professori-Associati,INFORMATICA,18266,Torino,01/10/2022,luigi.dicaro@unito.it,120,AREA-MIN.-01-Scienze-matematiche-e-informatiche,COMPUTATIONAL-LINGUISTICS,,DCRLGU82R01L219A,XQAvqi4AAAAJ,25071,,26534198600,DI-CARO
1982-10-01-00:00:00.0,Italia,PE6_10-Web-and-information-systems,0,L.-Di-Caro///Luigi--Di-Caro,,Maschile,Italia,Docenti-di-ruolo-di-IIa-fascia,Gruppo-01/INFO-01-INFORMATICA,Luigi,0000-0002-7570-637X,,Settore-INFO-01/A-Informatica,125,037573,Professori-Associati,INFORMATICA,18266,Torino,01/10/2022,luigi.dicaro@unito.it,120,AREA-MIN.-01-Scienze-matematiche-e-informatiche,COMPUTATIONAL-LINGUISTICS,,DCRLGU82R01L219A,XQAvqi4AAAAJ,25071,,26534198600,DI-CARO
1982-10-01-00:00:00.0,Italia,database-systems,0,L.-Di-Caro///Luigi--Di-Caro,,Maschile,Italia,Docenti-di-ruolo-di-IIa-fascia,Gruppo-01/INFO-01-INFORMATICA,Luigi,0000-0002-7570-637X,,Settore-INFO-01/A-Informatica,125,037573,Professori-Associati,INFORMATICA,18266,Torino,01/10/2022,luigi.dicaro@unito.it,120,AREA-MIN.-01-Scienze-matematiche-e-informatiche,COMPUTATIONAL-LINGUISTICS,,DCRLGU82R01L219A,XQAvqi4AAAAJ,25071,,26534198600,DI-CARO
1982-10-01-00:00:00.0,Italia,information-retrieval-and-digital-libraries,0,L.-Di-Caro///Luigi--Di-Caro,,Maschile,Italia,Docenti-di-ruolo-di-IIa-fascia,Gruppo-01/INFO-01-INFORMATICA,Luigi,0000-0002-7570-637X,,Settore-INFO-01/A-Informatica,125,037573,Professori-Associati,INFORMATICA,18266,Torino,01/10/2022,luigi.dicaro@unito.it,120,AREA-MIN.-01-Scienze-matematiche-e-informatiche,COMPUTATIONAL-LINGUISTICS,,DCRLGU82R01L219A,XQAvqi4AAAAJ,25071,,26534198600,DI-CARO
1982-10-01-00:00:00.0,Italia,data-fusion-(erc_2016)-,0,L.-Di-Caro///Luigi--Di-Caro,,Maschile,Italia,Docenti-di-ruolo-di-IIa-fascia,Gruppo-01/INFO-01-INFORMATICA,Luigi,0000-0002-7570-637X,,Settore-INFO-01/A-Informatica,125,037573,Professori-Associati,INFORMATICA,18266,Torino,01/10/2022,luigi.dicaro@unito.it,120,AREA-MIN.-01-Scienze-matematiche-e-informatiche,COMPUTATIONAL-LINGUISTICS,,DCRLGU82R01L219A,XQAvqi4AAAAJ,25071,,26534198600,DI-CARO
1982-10-01-00:00:00.0,Italia,PE6_7-Artificial-intelligence,0,L.-Di-Caro///Luigi--Di-Caro,,Maschile,Italia,Docenti-di-ruolo-di-IIa-fascia,Gruppo-01/INFO-01-INFORMATICA,Luigi,0000-0002-7570-637X,,Settore-INFO-01/A-Informatica,125,037573,Professori-Associati,INFORMATICA,18266,Torino,01/10/2022,luigi.dicaro@unito.it,120,AREA-MIN.-01-Scienze-matematiche-e-informatiche,COMPUTATIONAL-LINGUISTICS,,DCRLGU82R01L219A,XQAvqi4AAAAJ,25071,,26534198600,DI-CARO
1982-10-01-00:00:00.0,Italia,intelligent-systems,0,L.-Di-Caro///Luigi--Di-Caro,,Maschile,Italia,Docenti-di-ruolo-di-IIa-fascia,Gruppo-01/INFO-01-INFORMATICA,Luigi,0000-0002-7570-637X,,Settore-INFO-01/A-Informatica,125,037573,Professori-Associati,INFORMATICA,18266,Torino,01/10/2022,luigi.dicaro@unito.it,120,AREA-MIN.-01-Scienze-matematiche-e-informatiche,COMPUTATIONAL-LINGUISTICS,,DCRLGU82R01L219A,XQAvqi4AAAAJ,25071,,26534198600,DI-CARO
1982-10-01-00:00:00.0,Italia,multi-agent-systems-(erc_2016)-,0,L.-Di-Caro///Luigi--Di-Caro,,Maschile,Italia,Docenti-di-ruolo-di-IIa-fascia,Gruppo-01/INFO-01-INFORMATICA,Luigi,0000-0002-7570-637X,,Settore-INFO-01/A-Informatica,125,037573,Professori-Associati,INFORMATICA,18266,Torino,01/10/2022,luigi.dicaro@unito.it,120,AREA-MIN.-01-Scienze-matematiche-e-informatiche,COMPUTATIONAL-LINGUISTICS,,DCRLGU82R01L219A,XQAvqi4AAAAJ,25071,,26534198600,DI-CARO
1982-10-01-00:00:00.0,Italia,PE6_9-Human-computer-interaction-and-interface,0,L.-Di-Caro///Luigi--Di-Caro,,Maschile,Italia,Docenti-di-ruolo-di-IIa-fascia,Gruppo-01/INFO-01-INFORMATICA,Luigi,0000-0002-7570-637X,,Settore-INFO-01/A-Informatica,125,037573,Professori-Associati,INFORMATICA,18266,Torino,01/10/2022,luigi.dicaro@unito.it,120,AREA-MIN.-01-Scienze-matematiche-e-informatiche,COMPUTATIONAL-LINGUISTICS,,DCRLGU82R01L219A,XQAvqi4AAAAJ,25071,,26534198600,DI-CARO
1982-10-01-00:00:00.0,Italia,visualisation-and-natural-language-processing-(erc_2016)-,0,L.-Di-Caro///Luigi--Di-Caro,,Maschile,Italia,Docenti-di-ruolo-di-IIa-fascia,Gruppo-01/INFO-01-INFORMATICA,Luigi,0000-0002-7570-637X,,Settore-INFO-01/A-Informatica,125,037573,Professori-Associati,INFORMATICA,18266,Torino,01/10/2022,luigi.dicaro@unito.it,120,AREA-MIN.-01-Scienze-matematiche-e-informatiche,COMPUTATIONAL-LINGUISTICS,,DCRLGU82R01L219A,XQAvqi4AAAAJ,25071,,26534198600,DI-CARO
1982-10-01-00:00:00.0,Italia,LS1_1-Macromolecular-complexes-including-interactions-involving-nucleic-acids,0,L.-Di-Caro///Luigi--Di-Caro,,Maschile,Italia,Docenti-di-ruolo-di-IIa-fascia,Gruppo-01/INFO-01-INFORMATICA,Luigi,0000-0002-7570-637X,,Settore-INFO-01/A-Informatica,125,037573,Professori-Associati,INFORMATICA,18266,Torino,01/10/2022,luigi.dicaro@unito.it,120,AREA-MIN.-01-Scienze-matematiche-e-informatiche,COMPUTATIONAL-LINGUISTICS,,DCRLGU82R01L219A,XQAvqi4AAAAJ,25071,,26534198600,DI-CARO
1982-10-01-00:00:00.0,Italia,proteins,0,L.-Di-Caro///Luigi--Di-Caro,,Maschile,Italia,Docenti-di-ruolo-di-IIa-fascia,Gruppo-01/INFO-01-INFORMATICA,Luigi,0000-0002-7570-637X,,Settore-INFO-01/A-Informatica,125,037573,Professori-Associati,INFORMATICA,18266,Torino,01/10/2022,luigi.dicaro@unito.it,120,AREA-MIN.-01-Scienze-matematiche-e-informatiche,COMPUTATIONAL-LINGUISTICS,,DCRLGU82R01L219A,XQAvqi4AAAAJ,25071,,26534198600,DI-CARO
1982-10-01-00:00:00.0,Italia,lipids-and-carbohydrates-(erc_2022),0,L.-Di-Caro///Luigi--Di-Caro,,Maschile,Italia,Docenti-di-ruolo-di-IIa-fascia,Gruppo-01/INFO-01-INFORMATICA,Luigi,0000-0002-7570-637X,,Settore-INFO-01/A-Informatica,125,037573,Professori-Associati,INFORMATICA,18266,Torino,01/10/2022,luigi.dicaro@unito.it,120,AREA-MIN.-01-Scienze-matematiche-e-informatiche,COMPUTATIONAL-LINGUISTICS,,DCRLGU82R01L219A,XQAvqi4AAAAJ,25071,,26534198600,DI-CARO
1995-06-01-00:00:00.0,Italia,,0,,,Maschile,Italia,Assegnisti,Gruppo-01/INFO-01-INFORMATICA,MATTEO,0000-0002-7582-9185,,Settore-INFO-01/A-Informatica,0,658806,ASSEGNI-DI-RICERCA,INFORMATICA,104400,Alba,01/02/2024,matteo.delsanto@unito.it,13,AREA-MIN.-01-Scienze-matematiche-e-informatiche,,,DLSMTT95H01A124Z,,383416,31/01/2026,,DELSANTO
1969-10-15-00:00:00.0,Italia,,0,,,Maschile,Italia,Docenti-di-ruolo-di-Ia-fascia,Gruppo-01/INFO-01-INFORMATICA,Marco,0000-0001-8788-0829,,Settore-INFO-01/A-Informatica,0,014512,Professori-Ordinari,INFORMATICA,24800,Montevarchi,01/10/2019,marco.aldinucci@unito.it,265,AREA-MIN.-01-Scienze-matematiche-e-informatiche,,,LDNMRC69R15F656F,,92069,,,ALDINUCCI
1978-07-05-00:00:00.0,Italia,,0,Beccuti-M///Beccuti-Marci///Beccuti-Marco///M.-Beccuti///Marco--Beccuti,,Maschile,Italia,Docenti-di-ruolo-di-IIa-fascia,Gruppo-01/INFO-01-INFORMATICA,Marco,0000-0001-6125-9460,,Settore-INFO-01/A-Informatica,105,035453,Professori-Associati,INFORMATICA,13252,Novi-Ligure,01/11/2020,marco.beccuti@unito.it,140,AREA-MIN.-01-Scienze-matematiche-e-informatiche,,,BCCMRC78L05F965M,,17819,,8285239400,BECCUTI
1963-01-26-00:00:00.0,Italia,,0,,,Maschile,Italia,Docenti-di-ruolo-di-IIa-fascia,Gruppo-01/INFO-01-INFORMATICA,Marco,0000-0003-2747-8517,,Settore-INFO-01/A-Informatica,0,013397,Professori-Associati,INFORMATICA,13634,Torino,01/10/2001,marco.botta@unito.it,114,AREA-MIN.-01-Scienze-matematiche-e-informatiche,,,BTTMRC63A26L219Z,,1836,01/11/2033,,BOTTA
1975-02-01-00:00:00.0,Italia,,0,,,Maschile,Italia,Docenti-di-ruolo-di-Ia-fascia,Gruppo-01/INFO-01-INFORMATICA,Marco,0000-0002-2709-7864,,Settore-INFO-01/A-Informatica,0,014469,Professori-Ordinari,INFORMATICA,17846,Pinerolo,22/12/2017,marco.grangetto@unito.it,221,AREA-MIN.-01-Scienze-matematiche-e-informatiche,,,GRNMRC75B01G674D,,24409,,,GRANGETTO
1985-04-04-00:00:00.0,Italia,,0,,,Maschile,Italia,Assegnisti,Gruppo-01/INFO-01-INFORMATICA,Marco-Antonio,0000-0001-9337-7250,,Settore-INFO-01/A-Informatica,0,658804,ASSEGNI-DI-RICERCA,INFORMATICA,104398,Torino,01/01/2024,marcoantonio.stranisci@unito.it,29,AREA-MIN.-01-Scienze-matematiche-e-informatiche,,,STRMCN85D04L219R,,383414,01/01/2026,,STRANISCI
1963-03-08-00:00:00.0,Italia,,0,,,Femminile,Italia,Docenti-di-ruolo-di-Ia-fascia,Gruppo-01/INFO-01-INFORMATICA,Maria-Luisa,0000-0002-7621-3753,,Settore-INFO-01/A-Informatica,0,013394,Professori-Ordinari,INFORMATICA,14410,Moretta,01/10/2007,marialuisa.sapino@unito.it,127,AREA-MIN.-01-Scienze-matematiche-e-informatiche,,,SPNMLS63C48F723C,,1833,01/11/2033,,SAPINO
1959-04-05-00:00:00.0,Italia,,0,,,Maschile,Italia,Ricercatori,Gruppo-01/INFO-01-INFORMATICA,Marino,0000-0002-7253-7945,,Settore-INFO-01/A-Informatica,0,062071,Ricercatori-Universitari,INFORMATICA,11107,Torino,01/01/2005,marino.segnan@unito.it,64,AREA-MIN.-01-Scienze-matematiche-e-informatiche,,,SGNMRN59D05L219V,,15676,01/05/2026,,SEGNAN
1971-11-08-00:00:00.0,Italia,,0,,,Maschile,Italia,Ricercatori,Gruppo-01/INFO-01-INFORMATICA,Massimiliano,0000-0002-8843-0667,,Settore-INFO-01/A-Informatica,0,032015,Ricercatori-Universitari,INFORMATICA,20076,Benevento,01/11/2005,massimiliano.depierro@unito.it,22,AREA-MIN.-01-Scienze-matematiche-e-informatiche,,,DPRMSM71S08A783R,,4046,,,DE-PIERRO
1968-06-04-00:00:00.0,Italia,,0,,,Maschile,Italia,Docenti-di-ruolo-di-Ia-fascia,Gruppo-01/INFO-01-INFORMATICA,Matteo,0000-0002-9294-0408,,Settore-INFO-01/A-Informatica,0,013943,Professori-Ordinari,INFORMATICA,16878,Torino,28/12/2021,matteo.baldoni@unito.it,286,AREA-MIN.-01-Scienze-matematiche-e-informatiche,,,BLDMTT68H04L219U,,2189,,,BALDONI
1961-01-21-00:00:00.0,Italia,,59,,,Maschile,Italia,Docenti-di-ruolo-di-Ia-fascia,Gruppo-01/INFO-01-INFORMATICA,Matteo,0000-0002-5339-3456,,Settore-INFO-01/A-Informatica,107,013393,Professori-Ordinari,INFORMATICA,13626,Nocera-Inferiore,01/10/2006,matteo.sereno@unito.it,118,AREA-MIN.-01-Scienze-matematiche-e-informatiche,,E-3906-2010,SRNMTT61A21F912P,,1832,31/10/2031,7005050480,SERENO
1966-05-30-00:00:00.0,Italia,,0,LUCENTEFORTE-M///Lucenteforte///Lucenteforte-Maurizio///M.-Lucenteforte///Maurizio--Lucenteforte,,Maschile,Italia,Ricercatori,Gruppo-01/INFO-01-INFORMATICA,Maurizio,0000-0001-6102-3474,,Settore-INFO-01/A-Informatica,0,014046,Ricercatori-Universitari,INFORMATICA,18626,Torino,01/03/2000,maurizio.lucenteforte@unito.it,90,AREA-MIN.-01-Scienze-matematiche-e-informatiche,,,LCNMRZ66E30L219N,,2632,01/06/2033,,LUCENTEFORTE
1975-05-15-00:00:00.0,Italia,,0,,,Maschile,Italia,Docenti-di-ruolo-di-IIa-fascia,Gruppo-01/INFO-01-INFORMATICA,Michele-Paolo,0000-0002-4955-9003,,Settore-INFO-01/A-Informatica,0,014400,Professori-Associati,INFORMATICA,16272,Torino,01/03/2018,michele.garetto@unito.it,100,AREA-MIN.-01-Scienze-matematiche-e-informatiche,,,BCCMHL75E15L219A,,21167,,,BOCCA-GARETTO
1988-05-17-00:00:00.0,Italia,,0,,,Maschile,Italia,Ricercatori-a-tempo-determinato,Gruppo-01/INFO-01-INFORMATICA,Mirko,0000-0003-4890-5020,,Settore-INFO-01/A-Informatica,47,663300,RICERCATORI--LEGGE-240/10-T.-DET.,INFORMATICA,114657,Monselice,01/07/2021,mirko.polato@unito.it,51,AREA-MIN.-01-Scienze-matematiche-e-informatiche,,,PLTMRK88E17F382H,LgzvJMAAAAAJ,399822,30/06/2026,56401862500,POLATO
1992-03-26-00:00:00.0,Italia,,45,,,Femminile,Italia,Ricercatori-a-tempo-determinato,Gruppo-01/INFO-01-INFORMATICA,Noemi,0000-0001-8234-3266,,Settore-INFO-01/A-Informatica,64,629127,RICERCATORI--LEGGE-240/10-T.-DET.,INFORMATICA,46333,Cuneo,01/12/2021,noemi.mauro@unito.it,66,AREA-MIN.-01-Scienze-matematiche-e-informatiche,,DZM-8866-2022,MRANMO92C66D205V,vc-E0woAAAAJ,142652,30/11/2030,57191504166,MAURO
1989-06-10-00:00:00.0,Italia,,0,,,Maschile,Italia,Ricercatori-a-tempo-determinato,Gruppo-01/INFO-01-INFORMATICA,Paolo,0000-0002-1349-1844,,Settore-INFO-01/A-Informatica,26,618292,RICERCATORI--LEGGE-240/10-T.-DET.,INFORMATICA,7456,Pinerolo,01/02/2022,paolo.castagno@unito.it,27,AREA-MIN.-01-Scienze-matematiche-e-informatiche,,,CSTPLA89H10G674K,,123251,01/11/2027,57189045064,CASTAGNO
1979-12-07-00:00:00.0,Italia,,0,,,Maschile,Italia,Assegnisti,Gruppo-01/INFO-01-INFORMATICA,ROBERTO,0000-0003-4031-5376,,Settore-INFO-01/A-Informatica,11,668843,ASSEGNI-DI-RICERCA,INFORMATICA,120386,Alessandria,01/01/2025,roberto.nai@unito.it,14,AREA-MIN.-01-Scienze-matematiche-e-informatiche,,,NAIRRT79T07A182X,QnFOVTgAAAAJ,416974,31/12/2025,57889262400,NAI
1980-05-09-00:00:00.0,Germania,,0,Robert-Birke,,Maschile,Italia,Ricercatori-a-tempo-determinato,Gruppo-01/INFO-01-INFORMATICA,Robert-Renè-Maria,0000-0003-1144-3707,,Settore-INFO-01/A-Informatica,135,674773,RICERCATORI--LEGGE-240/10-T.-DET.,INFORMATICA,134533,,01/10/2022,robert.birke@unito.it,139,AREA-MIN.-01-Scienze-matematiche-e-informatiche,,,BRKRRT80E09Z112N,,431298,01/10/2025,23990122000,BIRKE
1975-07-18-00:00:00.0,Italia,,0,,,Maschile,Italia,Docenti-di-ruolo-di-IIa-fascia,Gruppo-01/INFO-01-INFORMATICA,Roberto,0000-0001-5366-292X,,Settore-INFO-01/A-Informatica,67,032021,Professori-Associati,INFORMATICA,20080,Torino,01/10/2022,roberto.esposito@unito.it,83,AREA-MIN.-01-Scienze-matematiche-e-informatiche,,HNO-9396-2023,SPSRRT75L18L219L,UecjxPAAAAAJ,4052,,35753188100,ESPOSITO
1978-10-15-00:00:00.0,Italia,,0,,,Maschile,Italia,Docenti-di-ruolo-di-IIa-fascia,Gruppo-01/INFO-01-INFORMATICA,Roberto,0000-0001-9336-0651,,Settore-INFO-01/A-Informatica,0,062714,Professori-Associati,INFORMATICA,15938,Torino,01/03/2022,roberto.micalizio@unito.it,119,AREA-MIN.-01-Scienze-matematiche-e-informatiche,,,MCLRRT78R15L219X,,20704,,,MICALIZIO
1966-06-21-00:00:00.0,Italia,,0,,,Femminile,Italia,Docenti-di-ruolo-di-Ia-fascia,Gruppo-01/INFO-01-INFORMATICA,Rosa,0000-0002-0434-4850,,Settore-INFO-01/A-Informatica,0,013995,Professori-Ordinari,INFORMATICA,17561,Torino,01/10/2023,rosa.meo@unito.it,133,AREA-MIN.-01-Scienze-matematiche-e-informatiche,,,MEORSO66H61L219C,,2410,,,MEO
1972-11-08-00:00:00.0,Italia,,78,,,Femminile,Italia,Docenti-di-ruolo-di-IIa-fascia,Gruppo-01/INFO-01-INFORMATICA,Rossana,0000-0001-9866-2843,,Settore-INFO-01/A-Informatica,129,030079,Professori-Associati,INFORMATICA,15319,Ciri�,01/04/2019,rossana.damiano@unito.it,149,AREA-MIN.-01-Scienze-matematiche-e-informatiche,,C-6288-2011,DMNRSN72S48C722F,lqYzhzwAAAAJ,1988,,7103083846,DAMIANO
1968-06-07-00:00:00.0,Italia,,0,,,Maschile,Italia,Docenti-di-ruolo-di-Ia-fascia,Gruppo-01/INFO-01-INFORMATICA,Rossano,0000-0002-6521-403X,,Settore-INFO-01/A-Informatica,0,013905,Professori-Ordinari,INFORMATICA,15288,Torino,28/12/2021,rossano.gaeta@unito.it,102,AREA-MIN.-01-Scienze-matematiche-e-informatiche,,,GTARSN68H07L219Q,,1981,,,GAETA
1978-05-08-00:00:00.0,Italia,,0,,,Maschile,Italia,Docenti-di-ruolo-di-IIa-fascia,Gruppo-01/INFO-01-INFORMATICA,Rossano,0000-0002-3745-5792,,Settore-INFO-01/A-Informatica,0,034650,Professori-Associati,INFORMATICA,13538,Chivasso,01/03/2022,rossano.schifanella@unito.it,81,AREA-MIN.-01-Scienze-matematiche-e-informatiche,,,SCHRSN78E08C665G,,16738,,,SCHIFANELLA
1979-02-05-00:00:00.0,Svizzera,,59,Ruggero-G.-Pensa///R.-G.-Pensa///R.-Pensa///Ruggero-Gaetano-Pensa///Ruggero-Pensa,,Maschile,Italia,Docenti-di-ruolo-di-IIa-fascia,Gruppo-01/INFO-01-INFORMATICA,Ruggero-Gaetano,0000-0001-5145-3438,,Settore-INFO-01/A-Informatica,87,063292,Professori-Associati,INFORMATICA,23988,,01/04/2019,ruggero.pensa@unito.it,125,AREA-MIN.-01-Scienze-matematiche-e-informatiche,,B-5994-2011,PNSRGR79B05Z133V,MgXRAjQAAAAJ,92385,,8984218100,PENSA
1976-03-04-00:00:00.0,Italia,,0,,,Femminile,Italia,Ricercatori,Gruppo-01/INFO-01-INFORMATICA,Sara,0000-0001-6157-2932,,Settore-INFO-01/A-Informatica,0,063090,Ricercatori-Universitari,INFORMATICA,18829,Firenze,15/12/2010,sara.capecchi@unito.it,48,AREA-MIN.-01-Scienze-matematiche-e-informatiche,,,CPCSRA76C44D612M,,28513,,,CAPECCHI
1992-05-05-00:00:00.0,Italia,,0,,,Maschile,Italia,Ricercatori-a-tempo-determinato,Gruppo-01/INFO-01-INFORMATICA,Simone,0000-0001-7124-4676,,Settore-INFO-01/A-Informatica,0,623765,RICERCATORI--LEGGE-240/10-T.-DET.,INFORMATICA,38404,Milano,01/04/2023,simone.pernice@unito.it,27,AREA-MIN.-01-Scienze-matematiche-e-informatiche,,,PRNSMN92E05F205B,,158848,31/03/2026,,PERNICE
1962-01-05-00:00:00.0,Italia,,0,,,Maschile,Italia,Docenti-di-ruolo-di-Ia-fascia,Gruppo-01/INFO-01-INFORMATICA,Stefano,0000-0001-5427-0020,,Settore-INFO-01/A-Informatica,0,013231,Professori-Ordinari,INFORMATICA,18947,Torino,01/10/2001,stefano.berardi@unito.it,58,AREA-MIN.-01-Scienze-matematiche-e-informatiche,,,BRRSFN62A05L219I,,2931,01/11/2032,,BERARDI
1960-06-25-00:00:00.0,Italia,,0,,,Femminile,Italia,Docenti-di-ruolo-di-Ia-fascia,Gruppo-01/INFO-01-INFORMATICA,Susanna,0000-0002-0911-8457,,Settore-INFO-01/A-Informatica,0,013239,Professori-Ordinari,INFORMATICA,19029,Modena,01/11/2002,susanna.donatelli@unito.it,115,AREA-MIN.-01-Scienze-matematiche-e-informatiche,,,DNTSNN60H65F257M,,3024,01/11/2030,,DONATELLI
1961-03-29-00:00:00.0,Italia,,0,DE'LIGUORO-U.///U.-DE'-LIGUORO///Ugo-De'-Liguoro,,Maschile,Italia,Docenti-di-ruolo-di-IIa-fascia,Gruppo-01/INFO-01-INFORMATICA,Ugo,0000-0003-4609-2783,,Settore-INFO-01/A-Informatica,0,013654,Professori-Associati,INFORMATICA,18817,Roma,01/10/2001,ugo.deliguoro@unito.it,74,AREA-MIN.-01-Scienze-matematiche-e-informatiche,,,DLGGUO61C29H501D,,2845,01/11/2031,,DE'-LIGUORO
1971-12-23-00:00:00.0,Italia,,0,,,Femminile,Italia,Docenti-di-ruolo-di-IIa-fascia,Gruppo-01/INFO-01-INFORMATICA,Valentina,0000-0003-1045-8018,,Settore-INFO-01/A-Informatica,0,030117,Professori-Associati,INFORMATICA,16214,Torino,01/04/2019,valentina.gliozzi@unito.it,92,AREA-MIN.-01-Scienze-matematiche-e-informatiche,,,GLZVNT71T63L219K,,2109,,,GLIOZZI
1981-04-20-00:00:00.0,Italia,,0,,,Maschile,Italia,Ricercatori-a-tempo-determinato,Gruppo-01/INFO-01-INFORMATICA,Valerio,0000-0001-8110-6832,,Settore-INFO-01/A-Informatica,0,634446,RICERCATORI--LEGGE-240/10-T.-DET.,INFORMATICA,54486,Napoli,01/11/2019,valerio.basile@unito.it,119,AREA-MIN.-01-Scienze-matematiche-e-informatiche,,,BSLVLR81D20F839M,,271462,28/02/2025,,BASILE
1984-06-28-00:00:00.0,Italia,,0,,,Maschile,Italia,Ricercatori-a-tempo-determinato,Gruppo-01/INFO-01-INFORMATICA,Valerio,0000-0001-8418-5986,,Settore-INFO-01/A-Informatica,52,038078,RICERCATORI--LEGGE-240/10-T.-DET.,INFORMATICA,17894,Torino,31/10/2022,valerio.bioglio@unito.it,73,AREA-MIN.-01-Scienze-matematiche-e-informatiche,,,BGLVLR84H28L219V,,24466,31/10/2025,35270977100,BIOGLIO
1964-06-20-00:00:00.0,Italia,,0,,,Maschile,Italia,Docenti-di-ruolo-di-Ia-fascia,Gruppo-01/INFO-01-INFORMATICA,Vincenzo,0000-0002-8166-9827,,Settore-INFO-01/A-Informatica,133,013498,Professori-Ordinari,INFORMATICA,17109,Locri,01/12/2022,vincenzo.lombardo@unito.it,211,AREA-MIN.-01-Scienze-matematiche-e-informatiche,,,LMBVCN64H20D976K,,2272,01/11/2034,7003332038,LOMBARDO
1968-02-29-00:00:00.0,Italia,,0,,,Femminile,Italia,Docenti-di-ruolo-di-IIa-fascia,Gruppo-01/INFO-01-INFORMATICA,Viviana,0000-0002-2533-0511,,Settore-INFO-01/A-Informatica,0,014039,Professori-Associati,INFORMATICA,18618,Casale-Monferrato,01/01/2005,viviana.bono@unito.it,74,AREA-MIN.-01-Scienze-matematiche-e-informatiche,,,BNOVVN68B69B885D,,2625,,,BONO
1971-02-11-00:00:00.0,Italia,,0,,,Femminile,Italia,Docenti-di-ruolo-di-IIa-fascia,Gruppo-01/INFO-01-INFORMATICA,Viviana,0000-0001-5991-370X,,Settore-INFO-01/A-Informatica,0,061670,Professori-Associati,INFORMATICA,27616,Torino,01/03/2018,viviana.patti@unito.it,229,AREA-MIN.-01-Scienze-matematiche-e-informatiche,,,PTTVVN71B51L219L,,9886,,,PATTI
